availability,time
0.0,2008-12-15T00:04:18Z
0.6252100840336134,2008-12-15T00:44:02Z
0.7000891265597148,2008-12-15T11:39:38Z
0.6473011948908117,2008-12-16T01:06:07Z
0.7188373392956959,2008-12-16T06:13:37Z
0.6961699824062796,2008-12-16T07:58:32Z
0.6814369758417824,2008-12-16T08:15:24Z
0.6610807528840316,2008-12-16T11:16:52Z
0.6547525968948955,2008-12-16T11:37:59Z
0.654679472861291,2008-12-16T12:07:44Z
0.6351029252437703,2008-12-16T12:16:15Z
0.6284305317324185,2008-12-16T12:21:09Z
0.6230938739532834,2008-12-16T12:59:58Z
0.6565471578502501,2008-12-17T01:47:32Z
0.6778593913955928,2008-12-17T11:20:07Z
0.6734232929866218,2008-12-17T11:26:33Z
0.6840621342696032,2008-12-17T12:59:58Z
0.7058601668945359,2008-12-19T01:40:13Z
0.7176841378119333,2008-12-19T02:19:29Z
0.7089908726435212,2008-12-19T02:52:45Z
0.7013924050632911,2008-12-19T03:15:34Z
0.7173481680958118,2008-12-19T04:36:07Z
0.7148658192090396,2008-12-19T04:55:47Z
0.7146891658135348,2008-12-19T07:15:56Z
0.7137317116164287,2008-12-19T07:43:28Z
0.7108247603665602,2008-12-19T09:02:59Z
0.7063336429628101,2008-12-19T12:59:58Z
0.699853935255953,2008-12-20T00:16:29Z
0.6973902447280236,2008-12-20T01:45:09Z
0.6913518388616093,2008-12-21T01:32:08Z
0.6855117850667546,2008-12-21T03:29:56Z
0.6797083523208124,2008-12-21T04:18:21Z
0.6745827984595636,2008-12-21T04:29:36Z
0.66278396096966,2008-12-21T05:09:37Z
0.6624607601109384,2008-12-21T05:14:28Z
0.6610303509518886,2008-12-21T06:00:13Z
0.6586067933218193,2008-12-21T07:11:31Z
0.6547330981604035,2008-12-21T07:36:14Z
0.6534186790805936,2008-12-21T08:32:37Z
0.6516175830552735,2008-12-22T01:39:21Z
0.667674776550644,2008-12-22T02:37:25Z
0.6671343388284813,2008-12-22T04:52:30Z
0.6834022297381936,2008-12-22T06:13:15Z
0.6853077110192167,2008-12-22T06:42:13Z
0.6816498316498316,2008-12-22T06:54:43Z
0.6812498528338318,2008-12-22T07:45:45Z
0.6837474001782735,2008-12-22T08:19:33Z
0.6875455851475301,2008-12-22T08:52:24Z
0.6845405877854256,2008-12-22T11:01:43Z
0.6844059946694631,2008-12-22T12:42:57Z
0.6813100778565525,2008-12-23T02:35:38Z
0.6789475965497811,2008-12-23T03:32:25Z
0.6770693754052302,2008-12-23T04:17:36Z
0.6770108484246012,2008-12-23T04:56:12Z
0.6712276620492756,2008-12-23T05:21:43Z
0.6670519745276476,2008-12-23T05:29:43Z
0.6638152803630811,2008-12-23T05:38:23Z
0.6640955155294793,2008-12-23T05:59:54Z
0.6691732306898672,2008-12-23T07:36:18Z
0.6691068523588461,2008-12-23T09:25:34Z
0.6750555002679324,2008-12-24T01:29:36Z
0.6721375683085589,2008-12-24T04:34:26Z
0.6728753087549172,2008-12-24T05:19:26Z
0.6720391791385706,2008-12-24T05:25:20Z
0.6880978386787144,2008-12-24T08:15:36Z
0.6957799739426102,2008-12-24T09:12:50Z
0.6952931590987433,2008-12-24T09:55:38Z
0.6932402243364422,2008-12-24T10:02:22Z
0.6956335877862595,2008-12-24T10:37:16Z
0.6936617092053642,2008-12-24T11:07:21Z
0.6910622145780203,2008-12-24T11:18:52Z
0.690580966351069,2008-12-24T11:23:48Z
0.6898654549222184,2008-12-25T00:01:11Z
0.6855437685135194,2008-12-25T04:03:49Z
0.6822283530189384,2008-12-25T05:24:23Z
0.6815037032784061,2008-12-25T05:44:36Z
0.680565907918124,2008-12-25T05:50:13Z
0.6815785021430183,2008-12-25T06:13:05Z
0.6847722637661455,2008-12-25T07:00:28Z
0.6841970793104376,2008-12-25T08:07:23Z
0.6840839963341259,2008-12-25T08:57:54Z
0.6835392639583804,2008-12-25T09:34:32Z
0.681535803315879,2008-12-25T09:45:40Z
0.6789677588810822,2008-12-25T11:34:55Z
0.6777572396796057,2008-12-25T11:59:59Z
0.6787392831319079,2008-12-26T00:20:20Z
0.6772265237500161,2008-12-26T00:32:46Z
0.6761376791088931,2008-12-26T00:56:44Z
0.6724515800203874,2008-12-26T01:12:15Z
0.6699159749194019,2008-12-26T01:23:06Z
0.6662192169211276,2008-12-26T01:42:24Z
0.6652094398236296,2008-12-26T03:32:56Z
0.6679287465743545,2008-12-26T04:39:14Z
0.6685261896001234,2008-12-26T05:28:17Z
0.6679632836033301,2008-12-26T05:38:14Z
0.6675087241067337,2008-12-26T06:37:24Z
0.6670779976717113,2008-12-26T08:23:19Z
0.6667364795680909,2008-12-26T09:15:42Z
0.6665736055371372,2008-12-26T09:19:12Z
0.6661171696677657,2008-12-26T09:36:48Z
0.6645772712111976,2008-12-26T09:50:21Z
0.6632416307590322,2008-12-26T10:02:28Z
0.6621896111009676,2008-12-26T11:57:52Z
0.6606065435668587,2008-12-26T12:42:51Z
0.6550942374716611,2008-12-26T12:59:59Z
0.6550499069531383,2008-12-27T01:03:55Z
0.6502659281001038,2008-12-27T01:42:14Z
0.6487340378687803,2008-12-27T01:51:11Z
0.6471098519787412,2008-12-27T02:24:26Z
0.6490641566590933,2008-12-27T02:51:31Z
0.6465041596620544,2008-12-27T03:03:58Z
0.6445108129303955,2008-12-27T03:19:57Z
0.6390409091862196,2008-12-27T04:20:39Z
0.6379869283770965,2008-12-27T05:44:47Z
0.6393930347234376,2008-12-27T06:09:58Z
0.6393864525427219,2008-12-27T07:18:29Z
0.640275317164559,2008-12-27T07:41:36Z
0.6392702385291378,2008-12-27T08:11:19Z
0.6378624103444792,2008-12-27T12:55:55Z
0.6361257071530672,2008-12-28T03:05:32Z
0.6350747912453193,2008-12-28T03:50:44Z
0.6345411256277386,2008-12-28T04:06:47Z
0.634312686253725,2008-12-28T06:32:04Z
0.6359111602690078,2008-12-28T11:36:42Z
0.6336709307109135,2008-12-28T11:59:57Z
0.6336889562564372,2008-12-29T00:13:44Z
0.6320895377882773,2008-12-29T00:58:50Z
0.6285854494019841,2008-12-29T01:23:23Z
0.6305477201280262,2008-12-29T02:09:39Z
0.6297821075897134,2008-12-29T02:16:04Z
0.6292270073546137,2008-12-29T02:25:21Z
0.6319199992530276,2008-12-29T06:32:00Z
0.6308832439990678,2008-12-29T06:38:11Z
0.6308832439990678,2008-12-29T06:41:14Z
0.6305012111049003,2008-12-29T06:46:06Z
0.6280149350000455,2008-12-29T12:45:37Z
0.6303137855932887,2008-12-30T02:56:03Z
0.6287629004154939,2008-12-30T03:05:11Z
0.6285270237680538,2008-12-30T05:07:58Z
0.6340837024031029,2008-12-30T05:53:23Z
0.6325160054004616,2008-12-30T06:02:12Z
0.6325160054004616,2008-12-30T06:07:41Z
0.6339111854009064,2008-12-30T06:34:11Z
0.6348749893335609,2008-12-30T06:56:06Z
0.6337619950192516,2008-12-30T07:25:36Z
0.6333851498857488,2008-12-30T07:31:25Z
0.6333636294138133,2008-12-30T07:35:48Z
0.6390506008487455,2008-12-30T08:30:47Z
0.6382086936393248,2008-12-30T09:14:18Z
0.6390408938986828,2008-12-30T11:27:13Z
0.638914143649076,2008-12-31T00:37:40Z
0.6363194544034928,2008-12-31T01:13:38Z
0.6402661969074183,2008-12-31T03:21:28Z
0.6449791699865687,2008-12-31T10:10:04Z
0.6437335272198491,2008-12-31T11:59:52Z
0.6424975432761357,2009-01-01T11:26:46Z
0.6421189411338087,2009-01-01T11:32:22Z
0.644114068666726,2009-01-02T02:03:40Z
0.6435602466793169,2009-01-02T03:23:48Z
0.6423571845643289,2009-01-02T03:34:07Z
0.6420914202123337,2009-01-02T03:39:45Z
0.6416647593452597,2009-01-02T09:03:16Z
0.6413333038158701,2009-01-02T09:14:59Z
0.639855661199066,2009-01-03T02:49:02Z
0.6408303042175449,2009-01-03T03:24:07Z
0.6407234008786421,2009-01-03T03:40:58Z
0.6404294408083592,2009-01-03T03:56:51Z
0.6413598781858804,2009-01-03T10:03:08Z
0.6400073843182641,2009-01-03T11:59:59Z
0.6386879671283341,2009-01-04T00:16:21Z
0.637888093283899,2009-01-04T00:22:43Z
0.6368625238061649,2009-01-04T01:02:14Z
0.6401703878199114,2009-01-04T10:43:54Z
0.6402928379031702,2009-01-04T11:02:09Z
0.6416217399633288,2009-01-04T11:30:08Z
0.6415602895100494,2009-01-04T11:39:12Z
0.6467399669412639,2009-01-04T12:54:14Z
0.6465653835399385,2009-01-05T00:35:10Z
0.6462556062763678,2009-01-05T00:39:57Z
0.6456645942972281,2009-01-05T02:05:05Z
0.6457050969434156,2009-01-05T02:31:43Z
0.6446483622667306,2009-01-05T02:41:25Z
0.6456092313710151,2009-01-05T03:12:02Z
0.6450121147382956,2009-01-05T04:05:24Z
0.6450118864856812,2009-01-05T04:25:51Z
0.6444733537856135,2009-01-05T04:31:35Z
0.6434800570628143,2009-01-05T05:12:38Z
0.6425196343504571,2009-01-05T05:23:02Z
0.6427593355685802,2009-01-05T06:21:04Z
0.641630311895196,2009-01-05T06:39:02Z
0.6408730158730159,2009-01-06T02:49:29Z
0.6406624038809553,2009-01-06T03:29:44Z
0.640438740145485,2009-01-06T03:40:43Z
0.6395799973417553,2009-01-06T03:52:52Z
0.6415583439777595,2009-01-06T04:24:56Z
0.6415342424583944,2009-01-06T04:41:21Z
0.6413455098553464,2009-01-07T00:00:54Z
0.6406373806003207,2009-01-07T00:17:41Z
0.6405150843469245,2009-01-07T01:00:27Z
0.6421495987948473,2009-01-07T01:29:56Z
0.6410465665670579,2009-01-07T01:38:43Z
0.6400252231514246,2009-01-07T01:48:09Z
0.6398450314588586,2009-01-07T06:03:19Z
0.6387319427053111,2009-01-07T06:12:03Z
0.6386578230544664,2009-01-07T09:01:17Z
0.6376102876166899,2009-01-07T09:13:03Z
0.6368026502487653,2009-01-07T09:22:50Z
0.6356989613278472,2009-01-07T11:39:52Z
0.6348963920556131,2009-01-07T11:50:51Z
0.634888696295129,2009-01-07T11:58:05Z
0.6342736393414831,2009-01-08T03:22:00Z
0.6338821621556205,2009-01-08T05:45:27Z
0.6328329356329477,2009-01-08T09:34:43Z
0.6341150747296852,2009-01-08T11:48:26Z
0.6332779676409436,2009-01-09T00:35:02Z
0.633260396475247,2009-01-09T00:59:46Z
0.6328954226686884,2009-01-09T02:05:30Z
0.6333013418748564,2009-01-09T02:46:59Z
0.6332342291954902,2009-01-09T02:53:38Z
0.632813235432552,2009-01-09T03:10:01Z
0.6320397122504782,2009-01-09T04:39:24Z
0.6324511616783233,2009-01-09T07:11:50Z
0.6334105385060799,2009-01-09T08:19:49Z
0.6334068708345638,2009-01-09T08:59:32Z
0.6328535394441488,2009-01-09T09:11:11Z
0.6318191007017645,2009-01-09T11:04:17Z
0.6321916313474151,2009-01-10T00:16:31Z
0.6320137792450122,2009-01-10T00:27:18Z
0.6314264900738226,2009-01-10T04:08:40Z
0.6307667669499766,2009-01-10T05:21:21Z
0.6299884607035543,2009-01-10T05:28:28Z
0.6362787098200713,2009-01-10T07:09:30Z
0.6354532405873909,2009-01-10T07:33:02Z
0.6347804027970794,2009-01-10T07:46:43Z
0.6367537934837805,2009-01-10T09:04:02Z
0.636465348804209,2009-01-10T09:33:27Z
0.6359932810505994,2009-01-10T09:54:17Z
0.635379946496385,2009-01-10T10:09:32Z
0.6361678059763695,2009-01-10T11:12:24Z
0.6366053312810467,2009-01-10T11:59:58Z
0.635661371682129,2009-01-11T04:44:17Z
0.6352859696876964,2009-01-11T04:49:13Z
0.6350541246934186,2009-01-11T04:54:28Z
0.6345535082262597,2009-01-11T11:47:12Z
0.6513406660731551,2009-01-12T06:26:20Z
0.6541540381951175,2009-01-12T07:26:22Z
0.672527031546093,2009-01-12T11:18:08Z
0.6742713021815661,2009-01-12T11:59:55Z
0.6771811114938069,2009-01-13T02:23:45Z
0.6765528356128583,2009-01-13T02:53:06Z
0.6779603913353346,2009-01-13T03:54:38Z
0.677155438246926,2009-01-13T04:36:04Z
0.6800495525793735,2009-01-13T05:36:43Z
0.6808983917417653,2009-01-13T12:26:05Z
0.6802206801067099,2009-01-13T12:40:37Z
0.6793630852507947,2009-01-14T02:28:22Z
0.6792423504108346,2009-01-14T02:47:13Z
0.6789477651946659,2009-01-14T03:02:32Z
0.6832223992228438,2009-01-14T04:27:02Z
0.6897570887595825,2009-01-14T06:11:39Z
0.6895484749019294,2009-01-14T06:57:45Z
0.6891650730406385,2009-01-14T07:19:18Z
0.6890140060480662,2009-01-14T07:38:45Z
0.6882024258031697,2009-01-14T07:47:53Z
0.6896324786998431,2009-01-14T08:28:17Z
0.6895318059362703,2009-01-14T09:04:59Z
0.6888960384191343,2009-01-14T10:31:26Z
0.6908172025467414,2009-01-15T00:42:37Z
0.6900693037802768,2009-01-15T00:50:37Z
0.6895544928265794,2009-01-15T01:03:59Z
0.6936060524141502,2009-01-15T02:21:41Z
0.6934449942900647,2009-01-15T02:29:05Z
0.6933130352045671,2009-01-15T02:37:19Z
0.6930914569652328,2009-01-15T02:48:28Z
0.6942233031708386,2009-01-15T03:36:21Z
0.6935821396387055,2009-01-15T03:46:57Z
0.6950917722701955,2009-01-15T05:02:57Z
0.6952768772077407,2009-01-15T06:09:20Z
0.6956115848824544,2009-01-15T06:42:28Z
0.6950470006138554,2009-01-15T06:54:07Z
0.6942925950002955,2009-01-15T07:04:00Z
0.6965714243967299,2009-01-15T08:00:02Z
0.6966115079899412,2009-01-15T08:21:18Z
0.6961974756350855,2009-01-15T09:47:38Z
0.6999617653679994,2009-01-15T11:34:00Z
0.700131667912174,2009-01-15T11:59:54Z
0.7004562263562816,2009-01-15T12:59:54Z
0.7004562263562816,2009-01-16T00:00:02Z
0.7000520392666357,2009-01-16T00:05:48Z
0.7014546488724102,2009-01-16T00:53:34Z
0.7015404095166807,2009-01-16T03:58:29Z
0.7025025101535276,2009-01-16T04:44:49Z
0.7019440394362285,2009-01-16T05:08:53Z
0.7029997173330024,2009-01-16T05:48:49Z
0.7024640374423566,2009-01-16T06:01:15Z
0.7032159191590239,2009-01-16T06:37:06Z
0.7041610738255033,2009-01-16T07:17:06Z
0.7050758765044479,2009-01-16T07:56:19Z
0.7044193119819802,2009-01-16T08:21:11Z
0.70608952510793,2009-01-16T09:09:41Z
0.7054153842045174,2009-01-16T09:35:43Z
0.7074008961971104,2009-01-16T10:31:24Z
0.7096857466824823,2009-01-16T11:59:12Z
0.7102883012294483,2009-01-17T04:25:58Z
0.7150838878607082,2009-01-17T06:46:20Z
0.7197120414760216,2009-01-17T08:36:13Z
0.7193458364029118,2009-01-17T08:42:19Z
0.7213872725251103,2009-01-17T09:49:44Z
0.7209407731038544,2009-01-17T10:11:21Z
0.7204320953419727,2009-01-18T02:20:59Z
0.7199133613104102,2009-01-18T02:49:48Z
0.7194684360865728,2009-01-18T02:56:18Z
0.7213502505311992,2009-01-18T03:57:01Z
0.7212338476388792,2009-01-18T04:27:20Z
0.722329207614949,2009-01-18T05:11:13Z
0.7219839513004981,2009-01-18T05:25:35Z
0.7229208682531857,2009-01-18T06:17:44Z
0.7226682436710751,2009-01-18T06:26:13Z
0.7228211224146703,2009-01-18T06:50:23Z
0.7222631685310446,2009-01-18T08:58:50Z
0.7218963033372443,2009-01-18T09:05:31Z
0.7218212599126793,2009-01-18T09:13:57Z
0.7214869703069058,2009-01-18T11:18:17Z
0.7214762610174825,2009-01-19T00:06:51Z
0.7218120448311738,2009-01-19T00:40:06Z
0.7213799249309506,2009-01-19T03:32:05Z
0.7214489676487801,2009-01-19T04:56:00Z
0.7240601241745414,2009-01-19T07:20:37Z
0.7249366599142384,2009-01-19T08:58:49Z
0.7249962612306878,2009-01-19T10:35:19Z
0.7249691563063491,2009-01-20T02:42:29Z
0.7255083734624331,2009-01-20T03:40:54Z
0.7250768504882686,2009-01-20T04:18:29Z
0.7249338144058735,2009-01-20T04:25:53Z
0.7247944748450897,2009-01-20T04:45:55Z
0.7250429571564493,2009-01-20T05:20:57Z
0.724649858353724,2009-01-20T05:27:39Z
0.7243780220776315,2009-01-20T05:43:27Z
0.7237731363559178,2009-01-20T08:12:16Z
0.723467237609947,2009-01-20T09:07:15Z
0.7231138853834057,2009-01-21T05:03:27Z
0.7238170103454569,2009-01-21T06:58:56Z
0.7234592328323324,2009-01-21T08:00:15Z
0.7239098658811453,2009-01-21T09:11:35Z
0.7239316690906361,2009-01-22T06:05:51Z
0.7238270101760351,2009-01-22T06:29:32Z
0.7234934372084396,2009-01-22T06:49:12Z
0.7240867388112938,2009-01-22T07:48:22Z
0.7235855337364578,2009-01-23T01:30:19Z
0.7234482056754951,2009-01-23T01:36:12Z
0.7242341127795081,2009-01-23T04:52:28Z
0.7241198724575382,2009-01-23T05:17:54Z
0.7244185825394108,2009-01-23T05:48:19Z
0.7238938821588294,2009-01-23T06:02:35Z
0.7236719667723794,2009-01-23T07:30:42Z
0.7235149407766437,2009-01-23T07:43:32Z
0.7230467914040131,2009-01-24T08:09:49Z
0.7227315805150145,2009-01-24T08:17:25Z
0.7226080215651479,2009-01-24T08:37:00Z
0.7222186262770101,2009-01-24T08:53:44Z
0.7221894105495371,2009-01-24T10:12:14Z
0.7216625940583923,2009-01-24T10:24:42Z
0.7218420551037995,2009-01-25T04:44:31Z
0.7218915432419267,2009-01-25T05:39:47Z
0.7232029025540776,2009-01-25T07:40:26Z
0.7241993539942577,2009-01-26T09:05:33Z
0.7240713330219968,2009-01-27T04:17:18Z
0.724044588087857,2009-01-27T04:20:46Z
0.7235768929741296,2009-01-27T04:39:07Z
0.7235768929741296,2009-01-27T04:42:49Z
0.7233043212543334,2009-01-27T04:48:26Z
0.7238605054749739,2009-01-27T05:22:27Z
0.7244436676848593,2009-01-27T07:07:17Z
0.7247553152516479,2009-01-27T08:43:07Z
0.7272904628543412,2009-01-28T04:23:41Z
0.7273811321140968,2009-01-28T04:49:04Z
0.7273141313164136,2009-01-28T05:05:15Z
0.7271935959811514,2009-01-28T05:25:10Z
0.7271898834989126,2009-01-28T05:31:09Z
0.7266682988783645,2009-01-28T06:18:49Z
0.7272671906046434,2009-01-28T07:03:10Z
0.7273465525877728,2009-01-28T08:13:17Z
0.7268941768977165,2009-01-29T04:53:39Z
0.726440528077822,2009-01-29T05:04:50Z
0.7262324432004438,2009-01-29T06:55:25Z
0.726165772482261,2009-01-30T01:16:39Z
0.7256747721434352,2009-01-30T02:02:37Z
0.7252376995056453,2009-01-30T03:15:00Z
0.7252285953874196,2009-01-30T04:56:21Z
0.7247138445792894,2009-01-30T05:06:58Z
0.7242407612059611,2009-01-30T06:02:09Z
0.7246729396382436,2009-01-30T06:34:23Z
0.7244777050202682,2009-01-30T06:40:35Z
0.7247920720237163,2009-01-30T07:23:11Z
0.7247902709579945,2009-01-30T07:45:39Z
0.7266914582312999,2009-01-30T08:54:55Z
0.7265171591442164,2009-01-30T12:59:58Z
0.7260107548785966,2009-01-31T01:48:31Z
0.7259437172838962,2009-01-31T02:09:54Z
0.7273169013229024,2009-01-31T07:44:32Z
0.7274066143288658,2009-02-01T05:13:28Z
0.7275194818680376,2009-02-01T06:04:39Z
0.7271198950303428,2009-02-01T06:18:28Z
0.7266764533601383,2009-02-01T06:38:14Z
0.7267791868840167,2009-02-01T07:11:17Z
0.7275933927274117,2009-02-01T07:58:37Z
0.7271659520831145,2009-02-02T02:40:20Z
0.726877496734581,2009-02-02T04:46:43Z
0.7263719512195121,2009-02-02T05:43:55Z
0.7259641693036092,2009-02-02T06:50:56Z
0.7255592550079257,2009-02-02T08:24:18Z
0.7252934979642582,2009-02-03T01:29:56Z
0.7252917770939262,2009-02-03T02:20:12Z
0.7251707605800533,2009-02-03T02:51:01Z
0.7247160704145372,2009-02-03T03:29:26Z
0.7243916442793652,2009-02-03T03:46:45Z
0.7247889074016548,2009-02-03T04:28:49Z
0.724647365387104,2009-02-03T04:35:35Z
0.7244888357782022,2009-02-03T05:48:05Z
0.7246568821710043,2009-02-03T06:16:03Z
0.724895891268888,2009-02-03T06:48:23Z
0.7246452649825027,2009-02-03T08:21:48Z
0.7245927908861777,2009-02-03T10:14:19Z
0.7241304464521189,2009-02-03T10:32:14Z
0.7237880574888933,2009-02-04T02:38:40Z
0.723585540015775,2009-02-04T04:35:14Z
0.7236411309503092,2009-02-04T07:58:44Z
0.7236804347021143,2009-02-04T08:24:41Z
0.7233792284263021,2009-02-05T00:18:05Z
0.7230250058899889,2009-02-05T06:11:32Z
0.7225410176627549,2009-02-05T06:19:50Z
0.7221070449299059,2009-02-05T06:34:17Z
0.7216212853034437,2009-02-05T11:59:51Z
0.7215148750276488,2009-02-06T04:37:17Z
0.721247325399549,2009-02-06T04:48:14Z
0.7209202208235299,2009-02-06T05:02:43Z
0.7212543953611593,2009-02-06T05:46:39Z
0.720836084213615,2009-02-06T06:24:03Z
0.7203829680020156,2009-02-06T06:33:55Z
0.7199639365869732,2009-02-06T06:44:23Z
0.7194815766727796,2009-02-06T06:53:39Z
0.7192184435616226,2009-02-06T07:40:20Z
0.7195085283183905,2009-02-06T08:14:33Z
0.7192191509107783,2009-02-06T08:47:07Z
0.7191436625856269,2009-02-06T12:16:43Z
0.7190881690754594,2009-02-06T12:24:47Z
0.7190865370430473,2009-02-06T13:32:11Z
0.7190865370430473,2009-02-06T13:35:14Z
0.721607801165418,2009-02-06T15:04:26Z
0.7238101159849617,2009-02-06T18:32:26Z
0.7298178095682372,2009-02-06T22:46:28Z
0.729622416637159,2009-02-06T22:53:43Z
0.7296253978090645,2009-02-06T23:25:14Z
0.7282791657106834,2009-02-07T01:52:40Z
0.7281729909589669,2009-02-07T01:57:48Z
0.7279363597830136,2009-02-07T02:18:22Z
0.7299580551781178,2009-02-07T04:49:19Z
0.729885675829056,2009-02-07T05:23:27Z
0.7294331452039661,2009-02-07T05:33:30Z
0.7292286680212119,2009-02-07T05:49:02Z
0.728985357784031,2009-02-07T06:15:14Z
0.728571038015785,2009-02-07T23:03:26Z
0.7276264753983654,2009-02-08T00:10:02Z
0.7278434491819936,2009-02-08T00:41:10Z
0.7277328314519722,2009-02-08T00:55:16Z
0.7276828372113356,2009-02-08T01:00:14Z
0.72760099394161,2009-02-08T01:20:00Z
0.7272126967251071,2009-02-08T01:27:49Z
0.7267765459820447,2009-02-08T04:26:30Z
0.7267554308577311,2009-02-08T04:33:14Z
0.7265262598853178,2009-02-08T06:17:15Z
0.7262145780448634,2009-02-08T06:35:12Z
0.7259121118854487,2009-02-08T07:42:13Z
0.726656932021559,2009-02-08T08:49:16Z
0.7264070921810598,2009-02-08T09:01:42Z
0.7260460782478665,2009-02-08T11:59:15Z
0.7262583923583912,2009-02-09T01:25:19Z
0.7261884052335469,2009-02-09T01:55:10Z
0.7329627829910622,2009-02-09T06:10:30Z
0.7327628600382661,2009-02-09T06:16:12Z
0.7327628600382661,2009-02-09T06:27:13Z
0.7334968362580282,2009-02-09T07:12:26Z
0.7333312206870326,2009-02-09T07:17:41Z
0.7330405365303578,2009-02-09T08:07:57Z
0.7328919717486451,2009-02-09T08:34:54Z
0.7325725244609128,2009-02-09T08:53:17Z
0.7323124441577961,2009-02-09T09:00:04Z
0.7319544136404229,2009-02-09T10:55:49Z
0.7335893144814427,2009-02-09T12:13:33Z
0.7335107742682025,2009-02-09T13:14:52Z
0.7336561083683449,2009-02-09T13:53:53Z
0.7335818760957253,2009-02-09T13:57:50Z
0.7333849478764441,2009-02-09T14:06:57Z
0.7330677445683859,2009-02-09T14:21:25Z
0.732963763934146,2009-02-10T04:01:31Z
0.7333951464448105,2009-02-10T04:42:09Z
0.7330007022784389,2009-02-10T04:50:00Z
0.7326060226429102,2009-02-10T04:59:03Z
0.7323184238325419,2009-02-10T06:37:58Z
0.7321939907434046,2009-02-10T06:47:37Z
0.7322660985705783,2009-02-10T07:11:58Z
0.7318431990082027,2009-02-10T07:23:17Z
0.7317783975961826,2009-02-10T07:45:08Z
0.7313574679784381,2009-02-10T07:57:25Z
0.7310927922215177,2009-02-10T08:20:11Z
0.7306800024582104,2009-02-10T08:29:31Z
0.7306715830308617,2009-02-10T08:40:58Z
0.7303502288939797,2009-02-10T08:56:37Z
0.7303014055378959,2009-02-10T09:18:25Z
0.7300371930805174,2009-02-10T09:25:55Z
0.7298583640967051,2009-02-10T09:46:46Z
0.7294632952067633,2009-02-10T10:37:10Z
0.7294632952067633,2009-02-10T12:01:22Z
0.7292762912865021,2009-02-10T12:18:57Z
0.7295684655834834,2009-02-10T13:30:25Z
0.7295615205798415,2009-02-10T13:33:51Z
0.7296127311684167,2009-02-10T14:16:27Z
0.7294201426143431,2009-02-11T01:53:04Z
0.7294920468926426,2009-02-11T02:30:54Z
0.7291591315791965,2009-02-11T02:43:53Z
0.7287718308899642,2009-02-11T03:16:09Z
0.728527810462833,2009-02-11T03:23:47Z
0.7281338627339762,2009-02-11T03:38:36Z
0.7277236609631428,2009-02-11T03:47:13Z
0.7276425375615949,2009-02-11T03:51:53Z
0.7273937802793491,2009-02-11T04:02:24Z
0.7271585095304931,2009-02-11T04:44:17Z
0.7276105166811071,2009-02-11T05:20:51Z
0.7274114504834068,2009-02-11T05:39:52Z
0.7273600971184812,2009-02-11T06:00:01Z
0.7289455586327391,2009-02-11T07:35:26Z
0.7286394815657072,2009-02-11T07:43:11Z
0.7282567928374881,2009-02-11T07:53:39Z
0.7282104693528838,2009-02-11T08:13:53Z
0.7278466595675726,2009-02-11T08:31:30Z
0.7275443728410275,2009-02-11T08:52:22Z
0.727265333885373,2009-02-11T09:12:06Z
0.7270933120454143,2009-02-11T09:19:11Z
0.7270866298562624,2009-02-11T09:47:49Z
0.7271588151195718,2009-02-11T10:12:50Z
0.7276516498462148,2009-02-11T10:52:35Z
0.7276289767093183,2009-02-11T11:28:02Z
0.7278139715129712,2009-02-11T12:16:17Z
0.727761234335428,2009-02-11T13:38:37Z
0.727394916911046,2009-02-12T03:19:31Z
0.7272894453184175,2009-02-12T05:43:13Z
0.7272867968639046,2009-02-12T05:55:27Z
0.7281389312064459,2009-02-12T11:12:38Z
0.7278252480955061,2009-02-12T12:21:18Z
0.7276445835833737,2009-02-12T12:38:33Z
0.7273827086038067,2009-02-12T12:53:42Z
0.7274370117328259,2009-02-12T13:17:30Z
0.7279932957926433,2009-02-13T03:37:30Z
0.7279919894197174,2009-02-13T04:55:31Z
0.7276051745690699,2009-02-13T05:12:02Z
0.7276196340101377,2009-02-13T05:33:59Z
0.7296147080519775,2009-02-13T07:27:52Z
0.7293634780637036,2009-02-13T07:41:02Z
0.7292976735303064,2009-02-13T10:40:26Z
0.728982349750239,2009-02-13T11:02:55Z
0.7286373053059912,2009-02-13T11:18:32Z
0.7282807067087915,2009-02-13T11:31:49Z
0.7280876336001664,2009-02-13T12:45:29Z
0.7279952339237463,2009-02-13T13:59:47Z
0.7276899684802698,2009-02-13T14:16:02Z
0.7275746690075681,2009-02-13T14:33:44Z
0.7279151819533684,2009-02-14T01:16:29Z
0.727793937417485,2009-02-14T01:40:31Z
0.7274444687842279,2009-02-14T03:58:45Z
0.7273201333414995,2009-02-14T04:38:04Z
0.7272500165962635,2009-02-14T05:00:06Z
0.7269443998352174,2009-02-14T05:13:50Z
0.7269868864795563,2009-02-14T05:37:40Z
0.7267441860465116,2009-02-14T06:08:43Z
0.7267765161908798,2009-02-14T06:31:19Z
0.7264906396350594,2009-02-14T06:49:37Z
0.7261353289570669,2009-02-14T07:10:27Z
0.7259124922846463,2009-02-14T08:23:19Z
0.725587898465478,2009-02-14T08:47:40Z
0.72523356393894,2009-02-14T08:56:25Z
0.72503212928513,2009-02-14T09:13:26Z
0.7249293083022751,2009-02-14T09:17:51Z
0.7246335471803144,2009-02-14T09:28:32Z
0.7243392789872227,2009-02-14T09:37:36Z
0.7242597139095973,2009-02-14T09:56:41Z
0.7244457370410972,2009-02-14T10:40:37Z
0.7244270369057412,2009-02-14T10:55:23Z
0.7243424534202044,2009-02-14T11:17:14Z
0.7308614523193977,2009-02-14T15:39:47Z
0.7307990456657318,2009-02-14T15:43:45Z
0.7312287059561589,2009-02-15T05:52:04Z
0.7309555181213203,2009-02-15T06:02:55Z
0.73068110046611,2009-02-15T06:40:35Z
0.7303597812561944,2009-02-15T06:55:05Z
0.7300367885739018,2009-02-15T07:16:31Z
0.729820739656778,2009-02-15T07:32:30Z
0.7295287627529826,2009-02-15T09:33:35Z
0.7293819137672958,2009-02-15T09:54:58Z
0.7295102459118175,2009-02-15T10:35:07Z
0.7292520292657589,2009-02-15T12:45:30Z
0.7285145114940155,2009-02-15T13:34:13Z
0.7285145114940155,2009-02-15T13:44:51Z
0.7283415280222073,2009-02-15T14:07:50Z
0.7279884867038244,2009-02-16T01:38:22Z
0.7274775999169727,2009-02-16T01:49:31Z
0.7272236229108378,2009-02-16T01:56:19Z
0.7273424843001877,2009-02-16T02:26:15Z
0.727103346838003,2009-02-16T03:44:23Z
0.727103346838003,2009-02-16T03:52:33Z
0.7269797293420438,2009-02-16T04:11:57Z
0.7267580306519182,2009-02-16T06:17:45Z
0.7264463215794126,2009-02-16T06:29:53Z
0.7261327496171817,2009-02-16T06:42:11Z
0.7259842880298865,2009-02-17T03:54:11Z
0.7256748694394273,2009-02-17T04:15:04Z
0.7254035373109707,2009-02-17T04:26:25Z
0.7253115010763912,2009-02-17T05:58:31Z
0.7252937578994577,2009-02-17T08:19:47Z
0.7252770506960451,2009-02-17T08:42:45Z
0.7254764421539066,2009-02-17T09:21:10Z
0.7257428035216068,2009-02-17T11:38:48Z
0.7254881657522744,2009-02-17T12:57:01Z
0.7252179648637245,2009-02-17T14:18:01Z
0.725022811139911,2009-02-18T04:22:41Z
0.7247571201177834,2009-02-18T06:25:53Z
0.724573474134077,2009-02-18T08:18:15Z
0.72427305696807,2009-02-18T09:08:17Z
0.7241108706546628,2009-02-18T09:34:28Z
0.7251745687593661,2009-02-18T13:36:37Z
0.7251294837071317,2009-02-18T23:53:55Z
0.7250104398774629,2009-02-19T00:03:20Z
0.7248949007333841,2009-02-19T02:53:29Z
0.7246673555462502,2009-02-19T03:10:33Z
0.7244678363689286,2009-02-19T04:28:57Z
0.7245313449989761,2009-02-19T04:52:32Z
0.7243818553782034,2009-02-19T05:08:27Z
0.72421059312621,2009-02-19T06:14:10Z
0.7244271957759052,2009-02-19T06:50:06Z
0.7257339111947011,2009-02-19T09:07:54Z
0.7255862243367328,2009-02-19T09:26:28Z
0.7253660702936565,2009-02-19T10:11:41Z
0.7250452140550223,2009-02-19T10:31:50Z
0.725114907260135,2009-02-20T04:33:57Z
0.7251765985272128,2009-02-20T05:27:29Z
0.725039523098361,2009-02-20T06:42:07Z
0.7247420105225361,2009-02-20T06:55:49Z
0.7245810883515661,2009-02-20T07:14:18Z
0.7250693500135981,2009-02-20T09:06:52Z
0.7249028215891309,2009-02-20T11:56:18Z
0.724960567212373,2009-02-20T14:09:02Z
0.7248920542308389,2009-02-20T23:59:34Z
0.7246290654182458,2009-02-21T04:33:59Z
0.7244866559144939,2009-02-21T05:26:01Z
0.7248549673397087,2009-02-21T06:02:29Z
0.7245504368901373,2009-02-21T06:30:44Z
0.7243707446316892,2009-03-05T10:38:11Z
0.7241688176007867,2009-03-05T11:12:20Z
0.7243351457245298,2009-03-05T11:41:56Z
0.724404618016138,2009-03-05T12:27:59Z
0.7249106961810134,2009-03-05T13:47:45Z
0.7248675958081915,2009-03-05T13:58:42Z
0.7248812529582129,2009-03-05T14:22:16Z
0.7247963161915313,2009-03-06T00:28:52Z
0.7246473521006871,2009-03-06T00:52:53Z
0.7245321661824609,2009-03-06T01:17:57Z
0.7244145726585182,2009-03-06T03:04:31Z
0.7242926234468199,2009-03-06T03:09:49Z
0.7242651630729847,2009-03-06T06:54:20Z
0.7241899967590784,2009-03-06T07:13:15Z
0.7238836920655103,2009-03-06T09:40:30Z
0.7241977358490566,2009-03-06T12:09:55Z
0.7241540133425907,2009-03-07T03:10:36Z
0.7241540133425907,2009-03-07T03:20:42Z
0.7239190952916236,2009-03-07T03:32:51Z
0.7238718270134754,2009-03-07T04:24:15Z
0.7235930762003421,2009-03-07T06:32:35Z
0.7233221683534513,2009-03-07T06:44:15Z
0.7230153776741738,2009-03-07T07:02:40Z
0.7229741601329911,2009-03-07T07:22:53Z
0.7230734183513655,2009-03-07T07:54:27Z
0.7234163698940286,2009-03-07T09:30:24Z
0.7235954922151546,2009-03-07T09:59:22Z
0.723659927608706,2009-03-07T10:55:56Z
0.7238857380407994,2009-03-07T12:12:51Z
0.7238599450089376,2009-03-07T12:46:27Z
0.7226842155087744,2009-03-07T23:22:14Z
0.7222728959362309,2009-03-07T23:33:47Z
0.7220870076425632,2009-03-08T01:07:01Z
0.7226651047005418,2009-03-08T01:58:14Z
0.7224322805703182,2009-03-08T03:23:05Z
0.7227337270680192,2009-03-08T07:20:10Z
0.7224743573471981,2009-03-08T07:54:41Z
0.7222862723092283,2009-03-08T08:11:37Z
0.7221620456914575,2009-03-08T08:58:33Z
0.7223030174474101,2009-03-08T09:33:05Z
0.7222944313243085,2009-03-08T10:55:16Z
0.7219865148988618,2009-03-08T12:08:31Z
0.7220295410198658,2009-03-09T01:24:56Z
0.7220579982370567,2009-03-09T02:07:50Z
0.7223322262578354,2009-03-09T09:11:29Z
0.7222916903489827,2009-03-09T09:16:13Z
0.722179423423527,2009-03-09T09:33:39Z
0.7222547703731929,2009-03-09T11:38:17Z
0.721952888756529,2009-03-09T11:54:51Z
0.7217420802821498,2009-03-09T12:18:40Z
0.7216325911423673,2009-03-09T12:24:52Z
0.722122293178975,2009-03-09T13:44:30Z
0.7221881278486798,2009-03-09T14:17:26Z
0.7221022348883408,2009-03-10T01:48:26Z
0.7226905974247931,2009-03-10T11:32:20Z
0.7225229532335381,2009-03-10T12:00:08Z
0.7225219312514322,2009-03-11T00:57:37Z
0.7232667905218397,2009-03-11T01:54:57Z
0.7232413231661112,2009-03-11T02:01:30Z
0.7232392858551315,2009-03-11T02:07:23Z
0.722973600713966,2009-03-11T02:18:04Z
0.7233841607598089,2009-03-11T03:35:46Z
0.723126156531615,2009-03-11T04:56:56Z
0.722732541090056,2009-03-11T05:21:09Z
0.7227587973416562,2009-03-11T06:04:20Z
0.7226169582300486,2009-03-11T06:37:38Z
0.7224570673712021,2009-03-11T08:25:50Z
0.7221389714838059,2009-03-11T09:00:20Z
0.7221299454486874,2009-03-11T09:10:23Z
0.7218485131995014,2009-03-11T09:25:34Z
0.7221706138960379,2009-03-12T01:32:31Z
0.7220394056330802,2009-03-12T11:34:53Z
0.7218201689404766,2009-03-12T12:47:26Z
0.7217575009233178,2009-03-12T13:09:21Z
0.7215896260966784,2009-03-12T13:38:55Z
0.7213143180351287,2009-03-12T13:49:26Z
0.7213133253697822,2009-03-12T14:43:49Z
0.7210478826124991,2009-03-12T14:53:59Z
0.7210141638539767,2009-03-13T02:20:22Z
0.7209794566612158,2009-03-13T02:24:00Z
0.7207415544651241,2009-03-13T02:48:49Z
0.7204870367215025,2009-03-13T03:35:18Z
0.7205923499786037,2009-03-13T06:35:45Z
0.7212685175444469,2009-03-13T07:31:07Z
0.7217440451060236,2009-03-13T08:21:42Z
0.721500087109911,2009-03-13T09:04:28Z
0.721355757833901,2009-03-13T09:13:44Z
0.7214372750946487,2009-03-13T09:42:15Z
0.721385337600313,2009-03-13T10:54:01Z
0.7216840274014178,2009-03-13T11:30:52Z
0.721607602251336,2009-03-13T13:42:46Z
0.7214640786051961,2009-03-13T14:06:21Z
0.7214016099573834,2009-03-13T15:42:27Z
0.7213703796899816,2009-03-13T15:46:03Z
0.7212025633187891,2009-03-13T15:51:58Z
0.7210153256186904,2009-03-13T16:08:53Z
0.7209295408269496,2009-03-14T00:26:20Z
0.7207044528393693,2009-03-14T02:17:41Z
0.720878068519018,2009-03-14T04:04:28Z
0.7207148931123752,2009-03-14T06:13:53Z
0.7206103088564517,2009-03-14T06:30:17Z
0.720876045333251,2009-03-14T07:05:06Z
0.7208131234187924,2009-03-14T10:10:29Z
0.7207649906790231,2009-03-14T10:29:28Z
0.7203490917269437,2009-03-15T00:42:03Z
0.7208140092755477,2009-03-15T09:33:02Z
0.7221361306472762,2009-03-15T11:57:31Z
0.7220921505443005,2009-03-16T03:09:31Z
0.7226096959737058,2009-03-16T13:40:41Z
0.7226055085784073,2009-03-17T01:51:50Z
0.7224729685291186,2009-03-17T04:33:14Z
0.7224682358551623,2009-03-17T04:36:26Z
0.7224112346670923,2009-03-17T04:58:17Z
0.7223293306023965,2009-03-17T05:22:44Z
0.72286092825663,2009-03-17T12:51:06Z
0.7228524530366588,2009-03-17T12:55:59Z
0.7227891798206179,2009-03-17T13:14:13Z
0.7225926580882736,2009-03-17T13:27:11Z
0.7224288708065965,2009-03-17T13:42:28Z
0.7221524535554964,2009-03-17T13:57:55Z
0.7221853377179788,2009-03-18T03:28:38Z
0.721933700296932,2009-03-18T03:39:24Z
0.7222762991717825,2009-03-18T05:59:35Z
0.7227189891559029,2009-03-18T09:42:18Z
0.7224822036361952,2009-03-18T10:21:55Z
0.7223505946398875,2009-03-18T12:13:46Z
0.7225270426603257,2009-03-18T12:44:49Z
0.7229152198130377,2009-03-19T01:56:17Z
0.7227184188058221,2009-03-19T11:46:41Z
0.7225144398660369,2009-03-19T12:24:26Z
0.7221946441902161,2009-03-20T01:47:26Z
0.7219693423749393,2009-03-20T01:59:39Z
0.7220026182677662,2009-03-20T02:27:26Z
0.7217553700028388,2009-03-20T13:12:00Z
0.7217397503367119,2009-03-21T00:18:29Z
0.7215156052993512,2009-03-21T04:17:05Z
0.7213200628601362,2009-03-21T04:46:29Z
0.7210679437659431,2009-03-21T05:32:48Z
0.7214711298746893,2009-03-21T06:38:42Z
0.7209812045117275,2009-03-21T06:57:41Z
0.7210032614583505,2009-03-21T08:06:08Z
0.7207721896627444,2009-03-21T08:16:51Z
0.7206361495125359,2009-03-21T08:36:24Z
0.7210552322182282,2009-03-21T23:16:53Z
0.7208685235627366,2009-03-21T23:40:56Z
0.7206132900450306,2009-03-22T01:51:25Z
0.7222589003213832,2009-03-22T03:52:55Z
0.722239155614,2009-03-22T04:13:08Z
0.7221088926149453,2009-03-22T04:19:42Z
0.7221656449641825,2009-03-22T04:43:50Z
0.7223871163629378,2009-03-22T07:36:16Z
0.7224425451985196,2009-03-22T08:15:41Z
0.7223461815646567,2009-03-22T08:44:49Z
0.7221144555835337,2009-03-22T08:55:05Z
0.7220189023690294,2009-03-22T09:18:11Z
0.7217639997088213,2009-03-22T09:28:34Z
0.721662494926679,2009-03-22T09:34:37Z
0.7214394833306824,2009-03-22T09:46:14Z
0.7212977621180109,2009-03-22T10:48:09Z
0.7211165290691445,2009-03-22T11:22:38Z
0.7210756753760984,2009-03-22T11:28:09Z
0.7209344993436883,2009-03-30T09:37:23Z
0.7212488945661787,2009-03-30T10:26:07Z
0.7210380300017186,2009-03-30T10:48:45Z
0.7208973230777916,2009-03-30T11:47:04Z
0.7208090770430459,2009-03-30T12:42:18Z
0.7205868476424013,2009-03-30T13:09:54Z
0.7204655092195803,2009-03-30T13:25:26Z
0.7204558059922792,2009-03-31T01:36:47Z
0.7209181387706471,2009-03-31T02:20:43Z
0.7206841215700871,2009-03-31T06:25:31Z
0.7205649079640903,2009-03-31T06:58:36Z
0.7203259800546225,2009-03-31T07:59:52Z
0.7202566352270234,2009-03-31T12:19:03Z
0.7198365003876908,2009-03-31T12:38:09Z
0.7196828806387148,2009-03-31T12:57:53Z
0.7201162892239623,2009-03-31T13:40:01Z
0.7204336331903618,2009-04-01T02:55:50Z
0.7204447500093643,2009-04-01T03:37:11Z
0.7202867367933004,2009-04-01T03:50:55Z
0.7202641257023913,2009-04-01T04:48:32Z
0.7205308719609302,2009-04-01T05:24:30Z
0.719647850480778,2009-04-01T15:57:36Z
0.7198747668946717,2009-04-01T17:51:52Z
0.7198804800415306,2009-04-02T02:23:16Z
0.7207821049435272,2009-04-02T03:29:21Z
0.7213305974103564,2009-04-02T05:45:56Z
0.7211947560929386,2009-04-02T07:15:53Z
0.7215159510674023,2009-04-02T07:55:28Z
0.7215631813934171,2009-04-02T08:18:53Z
0.7213689868327645,2009-04-02T09:02:39Z
0.721325605938224,2009-04-02T09:06:32Z
0.7211306844162028,2009-04-02T09:17:53Z
0.7209768960410213,2009-04-02T09:24:48Z
0.7207310236309501,2009-04-02T10:15:25Z
0.7209630046648183,2009-04-02T12:21:25Z
0.7211871493800706,2009-04-02T12:53:52Z
0.7209429657438042,2009-04-02T13:42:23Z
0.7208660554244523,2009-04-02T13:50:22Z
0.7208035250635629,2009-04-02T13:54:45Z
0.7206869433645599,2009-04-03T04:05:51Z
0.7206219105455721,2009-04-03T04:11:35Z
0.7204334952752622,2009-04-03T04:23:15Z
0.7202285120139759,2009-04-03T05:00:01Z
0.7205349643773721,2009-04-03T10:22:01Z
0.7204583786915346,2009-04-03T10:41:36Z
0.7203313328638712,2009-04-03T10:48:38Z
0.7201149982082597,2009-04-03T10:59:53Z
0.7201133170929287,2009-04-03T11:06:57Z
0.7200267502631843,2009-04-03T11:13:40Z
0.7198080763774825,2009-04-03T11:31:44Z
0.7196418532937414,2009-04-04T03:13:04Z
0.7194751822316294,2009-04-04T03:26:10Z
0.720391618582622,2009-04-04T06:10:05Z
0.720166007639228,2009-04-04T06:17:43Z
0.7199522255141265,2009-04-04T06:28:23Z
0.7199505558409391,2009-04-04T06:46:34Z
0.7201883377767904,2009-04-04T07:23:18Z
0.7201141758293889,2009-04-04T11:01:07Z
0.7200504880044755,2009-04-04T11:19:12Z
0.719831321125296,2009-04-04T11:41:33Z
0.719686482954329,2009-04-04T12:00:42Z
0.7196809136257446,2009-04-04T12:21:32Z
0.719725381044633,2009-04-05T03:19:03Z
0.7196936562608205,2009-04-05T03:41:48Z
0.7194835947995173,2009-04-05T03:57:23Z
0.7193844970011417,2009-04-05T04:06:24Z
0.7193828592503384,2009-04-05T05:40:50Z
0.7193847504144033,2009-04-05T06:06:24Z
0.7194245502808899,2009-04-05T06:34:16Z
0.7195523228860983,2009-04-05T07:06:10Z
0.7194255444273154,2009-04-05T09:27:12Z
0.7192457418737104,2009-04-05T10:56:32Z
0.7192449335771255,2009-04-06T02:29:02Z
0.719060600036167,2009-04-06T02:42:50Z
0.7191041357503317,2009-04-06T03:06:36Z
0.7189602412204499,2009-04-06T04:58:27Z
0.7189821184483475,2009-04-06T06:24:06Z
0.7189547532130827,2009-04-06T06:35:59Z
0.7188571658661966,2009-04-06T08:53:01Z
0.7187140754789564,2009-04-06T09:44:27Z
0.7187905478892207,2009-04-06T10:46:32Z
0.7186566181573915,2009-04-06T11:03:33Z
0.718820103945982,2009-04-07T02:00:34Z
0.7186508638087645,2009-04-07T04:41:07Z
0.7185105438401775,2009-04-07T05:23:04Z
0.7188304269492424,2009-04-07T06:36:02Z
0.7187755743020565,2009-04-07T11:32:15Z
0.7189540177542652,2009-04-07T12:28:12Z
0.7189032867659463,2009-04-08T01:05:58Z
0.7191582935971981,2009-04-08T02:00:30Z
0.7194953756287522,2009-04-08T11:55:41Z
0.7195379117341777,2009-04-08T12:22:48Z
0.7194072929704938,2009-04-08T13:53:34Z
0.7194552703294113,2009-04-09T00:42:23Z
0.7189831436112859,2009-04-09T01:15:01Z
0.7188869925862675,2009-04-09T02:05:40Z
0.7186947528848248,2009-04-09T03:04:00Z
0.7185128042199088,2009-04-09T04:03:20Z
0.718310211468271,2009-04-09T04:17:16Z
0.7183089870369144,2009-04-09T05:42:27Z
0.7186472456134647,2009-04-09T06:21:45Z
0.718991510506991,2009-04-09T07:04:02Z
0.7189373048303246,2009-04-09T07:24:01Z
0.7190344968911274,2009-04-09T07:54:52Z
0.7188360229922982,2009-04-09T11:47:12Z
0.7189809975812363,2009-04-09T12:25:01Z
0.7188221131347167,2009-04-10T00:45:22Z
0.7187710777273975,2009-04-10T00:54:53Z
0.7187664385042615,2009-04-10T01:00:39Z
0.718570099639191,2009-04-10T01:17:05Z
0.7184681076187086,2009-04-10T04:39:58Z
0.7189229844205697,2009-04-10T06:03:35Z
0.7188999105618343,2009-04-10T10:23:07Z
0.719317059013084,2009-04-10T11:07:16Z
0.7191994950195019,2009-04-10T11:25:12Z
0.7190668344551793,2009-04-10T11:43:09Z
0.7188929488340382,2009-04-10T11:53:14Z
0.7186733741897943,2009-04-10T12:22:11Z
0.7186089780166418,2009-04-10T13:27:06Z
0.7185704064930185,2009-04-10T14:40:27Z
0.7183599445631803,2009-04-10T14:53:29Z
0.7181839395000053,2009-04-10T15:42:47Z
0.7180430437064884,2009-04-11T03:16:44Z
0.7178936346322805,2009-04-11T03:29:10Z
0.7177817691962282,2009-04-11T04:23:10Z
0.7176533247495545,2009-04-11T06:58:27Z
0.7174314121284548,2009-04-11T09:18:28Z
0.7176172126358142,2009-04-11T10:59:16Z
0.7175258689769705,2009-04-12T00:16:55Z
0.7174650724920494,2009-04-12T00:35:51Z
0.7172955911834215,2009-04-12T00:51:21Z
0.7172426446939828,2009-04-12T02:07:24Z
0.7178507014659946,2009-04-12T03:02:39Z
0.7176779644097451,2009-04-12T03:09:30Z
0.7175920040261448,2009-04-12T03:44:09Z
0.717587480365839,2009-04-12T03:47:29Z
0.7174910395770386,2009-04-12T04:29:09Z
0.7172922356121941,2009-04-12T09:24:32Z
0.7172515847361571,2009-04-12T09:30:03Z
0.7177079114086345,2009-04-12T10:57:53Z
0.7175960033152224,2009-04-12T11:18:45Z
0.7175303628485873,2009-04-12T11:51:40Z
0.7175273619980845,2009-04-12T11:56:14Z
0.7174349786091508,2009-04-12T12:13:10Z
0.7172985908225372,2009-04-13T03:24:51Z
0.717414997345704,2009-04-13T03:54:20Z
0.7172377119262612,2009-04-13T04:32:18Z
0.717267737734114,2009-04-13T05:30:20Z
0.7172617685365112,2009-04-13T05:34:46Z
0.7170432151083888,2009-04-13T05:44:21Z
0.7168544763293362,2009-04-13T06:12:47Z
0.716916283020453,2009-04-13T06:55:23Z
0.7167393677854033,2009-04-13T07:02:43Z
0.7166368266691824,2009-04-13T07:10:21Z
0.7166167677086012,2009-04-13T09:33:02Z
0.716560311477653,2009-04-13T10:23:14Z
0.7163865415586272,2009-04-13T10:31:41Z
0.7162558943760946,2009-04-13T12:11:49Z
0.7160672247332689,2009-04-13T12:22:49Z
0.7159249223202291,2009-04-14T01:02:02Z
0.7157526877270809,2009-04-14T01:16:29Z
0.7155903254925196,2009-04-14T01:30:36Z
0.7155881057405374,2009-04-14T06:25:04Z
0.7154586440359062,2009-04-14T06:53:27Z
0.7153080212721331,2009-04-14T07:05:39Z
0.7152159631530692,2009-04-14T08:03:01Z
0.7154142718607347,2009-04-14T11:58:49Z
0.7154615753574499,2009-04-14T12:28:07Z
0.7154615753574499,2009-04-15T00:15:16Z
0.7154822017362258,2009-04-15T00:37:42Z
0.7153002135371475,2009-04-15T00:49:27Z
0.71578931236878,2009-04-15T02:09:06Z
0.7160131875348631,2009-04-15T11:48:33Z
0.7159586791931867,2009-04-15T12:35:21Z
0.7162197201487416,2009-04-16T01:33:10Z
0.716016604933503,2009-04-16T06:04:39Z
0.7160339439966652,2009-04-16T06:47:39Z
0.7163216364099598,2009-04-16T07:47:53Z
0.7162390846800363,2009-04-16T07:56:16Z
0.716432023428331,2009-04-16T11:14:15Z
0.7163756350812046,2009-04-16T11:27:22Z
0.7161665701644842,2009-04-16T11:56:49Z
0.7160423352569908,2009-04-16T23:39:10Z
0.7159592952606267,2009-04-16T23:50:32Z
0.7157759534138604,2009-04-17T09:15:23Z
0.7156619534878095,2009-04-18T00:05:45Z
0.7154465268573789,2009-04-18T01:47:43Z
0.7153418203688853,2009-04-18T01:53:28Z
0.715128199475297,2009-04-18T02:23:47Z
0.7149462206156978,2009-04-18T02:32:23Z
0.714939057988583,2009-04-18T02:36:13Z
0.7149266742129226,2009-04-18T03:12:01Z
0.7149266742129226,2009-04-18T03:36:08Z
0.7147964733182369,2009-04-18T03:43:47Z
0.7148666218291893,2009-04-18T04:33:58Z
0.7147011053597864,2009-04-18T04:54:28Z
0.7150032494846676,2009-04-18T05:38:55Z
0.7147944902439292,2009-04-18T05:56:31Z
0.7146328390565038,2009-04-18T06:03:29Z
0.7144906886041817,2009-04-18T06:41:13Z
0.7140559796235836,2009-04-18T07:57:31Z
0.7142437216815026,2009-04-18T08:31:59Z
0.7143524965482889,2009-04-18T08:59:40Z
0.7146040482954545,2009-04-18T09:51:47Z
0.7147810655665864,2009-04-18T10:39:17Z
0.714672679562227,2009-04-18T11:00:23Z
0.7146276456960456,2009-04-18T11:05:54Z
0.7150546927327117,2009-04-18T12:35:23Z
0.715051883744272,2009-04-18T12:53:39Z
0.715167622008326,2009-04-19T02:32:49Z
0.7153078400134736,2009-04-19T03:02:26Z
0.7154128515721253,2009-04-19T04:16:39Z
0.7153170275774348,2009-04-19T04:38:17Z
0.7151242682199787,2009-04-19T04:48:18Z
0.7149213396201713,2009-04-19T07:25:08Z
0.7148558424962244,2009-04-19T07:49:21Z
0.7148914053579143,2009-04-19T08:12:39Z
0.7151588230771552,2009-04-19T08:49:16Z
0.7150734436024709,2009-04-19T09:09:41Z
0.714990403537329,2009-04-19T09:37:49Z
0.7147861838749697,2009-04-19T11:22:04Z
0.7146973447890879,2009-04-19T11:45:39Z
0.7145322472939605,2009-04-20T00:55:22Z
0.7145192632154618,2009-04-20T13:07:59Z
0.7144144563182436,2009-04-20T13:22:43Z
0.7143812281252544,2009-04-20T13:35:01Z
0.7142988632256951,2009-04-20T14:16:10Z
0.7140946279843052,2009-04-20T14:24:31Z
0.7140794118928971,2009-04-21T01:30:06Z
0.7143780899772375,2009-04-21T02:09:30Z
0.7145687165468375,2009-04-21T04:38:09Z
0.7147324064630415,2009-04-21T06:46:46Z
0.7150356757832267,2009-04-21T12:26:33Z
0.7151533329767154,2009-04-21T13:22:43Z
0.7150855798930204,2009-04-22T02:04:28Z
0.7151171050059828,2009-04-22T02:27:00Z
0.7149457669020374,2009-04-22T02:42:13Z
0.7149624755207872,2009-04-22T04:34:26Z
0.7150447307644402,2009-04-22T05:37:22Z
0.7149196565141298,2009-04-22T11:49:25Z
0.7148144805407639,2009-04-22T12:09:59Z
0.7151783031983601,2009-04-23T02:34:09Z
0.7151288406235811,2009-04-23T06:08:15Z
0.715257167146838,2009-04-23T06:49:18Z
0.7151463807618713,2009-04-23T12:35:28Z
0.7152109811800471,2009-04-23T13:18:35Z
0.7156213573980071,2009-04-24T01:47:37Z
0.7156371339129,2009-04-24T02:30:04Z
0.7154934199730891,2009-04-24T02:45:31Z
0.7153471959861367,2009-04-24T03:09:25Z
0.7151648351648352,2009-04-24T03:17:41Z
0.7148894677535835,2009-04-24T04:28:06Z
0.7149011465299526,2009-04-24T04:55:47Z
0.7147867756162092,2009-04-24T05:02:27Z
0.7146858118378897,2009-04-24T10:21:40Z
0.7146856858765172,2009-04-24T11:00:16Z
0.7151543960704266,2009-04-24T12:01:35Z
0.7152100306008549,2009-04-24T12:31:20Z
0.7151867270906024,2009-04-25T02:00:13Z
0.7151068408687267,2009-04-25T02:18:42Z
0.7149637560108066,2009-04-25T02:39:09Z
0.7148360262953434,2009-04-25T02:46:02Z
0.714898496362767,2009-04-25T05:03:52Z
0.7149420554368471,2009-04-25T09:06:32Z
0.7155265352616912,2009-04-25T10:18:04Z
0.7153941247125275,2009-04-25T11:13:26Z
0.7152683068166928,2009-04-25T12:08:09Z
0.7151732778775236,2009-04-25T12:14:07Z
0.7152281569591604,2009-04-25T12:42:53Z
0.7149665936175524,2009-04-25T12:57:33Z
0.7150540453762201,2009-04-25T13:24:17Z
0.7149013221117372,2009-04-25T13:36:57Z
0.7147854346865042,2009-04-25T14:16:53Z
0.7148525031096669,2009-04-26T00:54:21Z
0.714533630518331,2009-04-26T01:13:03Z
0.7143387240561349,2009-04-26T04:52:26Z
0.7143062463325122,2009-04-26T05:12:11Z
0.7142473996735804,2009-04-26T05:21:19Z
0.7141571869591441,2009-04-26T06:00:33Z
0.7142296905452298,2009-04-26T09:59:51Z
0.7140501864834459,2009-04-26T13:33:50Z
0.7146818770253072,2009-04-27T02:01:32Z
0.7145523781079669,2009-04-27T02:16:39Z
0.7144690051285038,2009-04-27T03:34:58Z
0.7144219094220549,2009-04-27T04:01:01Z
0.7144747450837416,2009-04-27T08:18:00Z
0.7144105317482593,2009-04-27T09:16:48Z
0.7142766618658667,2009-04-27T09:29:02Z
0.7145920905118484,2009-04-27T13:44:35Z
0.7144351001588418,2009-04-28T00:25:59Z
0.7146793799225893,2009-04-28T01:20:49Z
0.7147003126194814,2009-04-28T04:42:39Z
0.7145985992105949,2009-04-28T05:22:22Z
0.7145285744723506,2009-04-28T08:46:39Z
0.7143455471030644,2009-04-28T09:07:55Z
0.7145805053154027,2009-04-28T10:07:03Z
0.714943561822386,2009-04-28T11:28:57Z
0.715012781800933,2009-04-28T12:25:28Z
0.7149087022611528,2009-04-28T12:49:33Z
0.7147183687471859,2009-04-28T13:16:15Z
0.7146143051489997,2009-04-28T13:54:28Z
0.7145760269507986,2009-04-28T14:31:32Z
0.7145295151953949,2009-04-28T18:28:08Z
0.7143804635224353,2009-04-28T18:38:42Z
0.7143110546972146,2009-04-28T18:43:57Z
0.7142321105962526,2009-04-28T19:09:36Z
0.7143270423904278,2009-04-28T22:52:01Z
0.7144303657930554,2009-04-29T00:02:16Z
0.7142802606580373,2009-04-29T00:30:26Z
0.7142434825529679,2009-04-29T03:52:51Z
0.7140119401502628,2009-04-29T04:18:29Z
0.7138347160484195,2009-04-29T04:31:11Z
0.7136655383419381,2009-04-29T05:03:56Z
0.714724491405697,2009-04-29T06:34:43Z
0.714761257037712,2009-04-29T09:38:12Z
0.7146139697793736,2009-04-29T11:55:25Z
0.7145951035781545,2009-04-29T12:01:03Z
0.714571981510579,2009-04-29T12:21:20Z
0.7144419458007254,2009-04-29T23:18:03Z
0.7144336483241831,2009-04-29T23:58:09Z
0.7153370333243686,2009-04-30T07:57:02Z
0.7153220426596067,2009-04-30T08:03:19Z
0.7152670822637819,2009-04-30T08:08:01Z
0.7152288038016444,2009-04-30T09:15:39Z
0.7157497364077219,2009-04-30T10:27:03Z
0.7160183486874725,2009-04-30T11:36:40Z
0.715858547959853,2009-04-30T11:50:51Z
0.7154262168426474,2009-04-30T12:46:09Z
0.7152405516969914,2009-04-30T13:13:36Z
0.7151141370887514,2009-05-01T09:13:37Z
0.7151674293069086,2009-05-02T08:37:32Z
0.7151471114906747,2009-05-02T09:51:36Z
0.7152555663316894,2009-05-02T10:25:05Z
0.7153033591482703,2009-05-02T10:49:53Z
0.7153713180256425,2009-05-02T12:41:29Z
0.715234144873201,2009-05-02T12:53:30Z
0.7151752688686663,2009-05-02T23:52:27Z
0.7151373755501431,2009-05-03T00:51:14Z
0.7150414378449416,2009-05-03T00:56:59Z
0.7150305425952882,2009-05-03T01:17:15Z
0.7153673466779694,2009-05-03T04:31:21Z
0.715495215414813,2009-05-03T05:10:17Z
0.7156435189315253,2009-05-03T06:24:11Z
0.7161403651486881,2009-05-03T07:31:34Z
0.7161637077194491,2009-05-03T08:03:17Z
0.7159931721031157,2009-05-03T08:13:59Z
0.7159311277455322,2009-05-03T09:30:26Z
0.7157942255815546,2009-05-03T09:42:04Z
0.715657195586923,2009-05-03T09:56:08Z
0.715854135942251,2009-05-03T10:31:30Z
0.7161351008591172,2009-05-03T11:11:52Z
0.7160241546137771,2009-05-03T11:38:06Z
0.7159150773974527,2009-05-03T11:52:17Z
0.7160564066793845,2009-05-03T12:27:42Z
0.7163477910770754,2009-05-03T13:09:29Z
0.7171630148398898,2009-05-03T14:31:00Z
0.7182559417970849,2009-05-04T03:57:49Z
0.7192079227598817,2009-05-04T05:28:26Z
0.7190406885292588,2009-05-04T05:37:17Z
0.7189276035553407,2009-05-04T05:56:52Z
0.7188600971978079,2009-05-04T06:23:26Z
0.7193529730617202,2009-05-04T07:25:43Z
0.71934858715194,2009-05-04T07:57:12Z
0.7204938478182947,2009-05-04T09:41:05Z
0.7204873471503611,2009-05-04T11:41:23Z
0.7204361888556108,2009-05-04T12:21:36Z
0.7205830714793773,2009-05-04T14:25:58Z
0.7205818918770703,2009-05-04T14:29:04Z
0.7209172396555695,2009-05-05T02:16:08Z
0.7211350437163728,2009-05-05T02:57:16Z
0.7210915305759678,2009-05-05T03:26:48Z
0.7210591931300517,2009-05-05T03:51:12Z
0.7210720322587215,2009-05-05T04:24:03Z
0.7209463096156086,2009-05-05T06:24:19Z
0.7207989918166513,2009-05-05T06:32:21Z
0.7206927960186532,2009-05-05T06:57:07Z
0.7207066320555859,2009-05-05T07:36:05Z
0.7206720537877229,2009-05-05T10:10:42Z
0.7206670593731592,2009-05-05T11:27:04Z
0.720522315021552,2009-05-05T12:37:00Z
0.7203967424705556,2009-05-05T12:51:33Z
0.7203020067489627,2009-05-05T12:57:44Z
0.7200070087885666,2009-05-06T02:55:50Z
0.7198992974333819,2009-05-06T03:14:36Z
0.7199094982303874,2009-05-06T03:39:28Z
0.7197835529742027,2009-05-06T03:50:24Z
0.7196407517296779,2009-05-06T03:58:10Z
0.7194861819103199,2009-05-06T04:17:37Z
0.7193299217061478,2009-05-06T06:27:41Z
0.7194448639172044,2009-05-06T08:36:02Z
0.7193908367112934,2009-05-06T09:05:47Z
0.7192764187799779,2009-05-06T09:14:32Z
0.7191631982899745,2009-05-06T09:32:39Z
0.71903307173531,2009-05-06T10:27:14Z
0.7192117393122418,2009-05-06T12:35:53Z
0.7191295693262085,2009-05-06T12:50:48Z
0.7192731904545937,2009-05-06T13:24:40Z
0.7191662617899433,2009-05-07T01:28:49Z
0.7190646300699126,2009-05-07T01:36:16Z
0.719008755198675,2009-05-07T01:54:07Z
0.71927846042081,2009-05-07T04:23:01Z
0.7194417628507878,2009-05-07T04:57:09Z
0.7192312640386366,2009-05-07T14:19:05Z
0.7191156620154792,2009-05-07T16:26:59Z
0.718950855907185,2009-05-07T20:18:06Z
0.718919587464342,2009-05-08T03:11:37Z
0.7189318426240905,2009-05-08T05:36:18Z
0.718910636615263,2009-05-08T07:52:14Z
0.7187434496554967,2009-05-08T08:21:08Z
0.7185911571718642,2009-05-08T09:43:22Z
0.7184213513876131,2009-05-08T09:55:38Z
0.7183218288104781,2009-05-09T07:53:35Z
0.7172318625699843,2009-05-10T05:25:48Z
0.7171876506485891,2009-05-10T11:53:27Z
0.717114434540852,2009-05-10T12:50:10Z
0.717036846328319,2009-05-10T13:11:36Z
0.7170351475042153,2009-05-11T01:11:17Z
0.7168856824995519,2009-05-11T01:22:22Z
0.7172687421805817,2009-05-11T02:18:32Z
0.7172157445994367,2009-05-11T03:07:47Z
0.7172157445994367,2009-05-11T03:12:46Z
0.7172744890768147,2009-05-11T03:38:59Z
0.7171227646924219,2009-05-11T03:47:54Z
0.7169903423945768,2009-05-11T07:50:38Z
0.7169569889432458,2009-05-11T08:09:55Z
0.7173025994515608,2009-05-11T09:37:37Z
0.7171404295004601,2009-05-11T12:11:11Z
0.7171398684178613,2009-05-12T00:06:07Z
0.717102140924312,2009-05-12T00:25:37Z
0.7168378054089308,2009-05-12T01:16:30Z
0.716710880297153,2009-05-12T01:29:07Z
0.7166757734035994,2009-05-12T02:36:48Z
0.7180606975592478,2009-05-12T07:01:25Z
0.7181693696148425,2009-05-12T08:55:59Z
0.7184110167035668,2009-05-12T09:35:57Z
0.718646209678726,2009-05-12T10:17:32Z
0.7185706541979688,2009-05-12T10:53:14Z
0.718509499608919,2009-05-12T11:09:39Z
0.7183705513985281,2009-05-12T11:17:08Z
0.7200973209947858,2009-05-12T13:59:15Z
0.7201420779395489,2009-05-12T14:28:17Z
0.7200187042850997,2009-05-12T14:42:03Z
0.7199218926069183,2009-05-13T01:40:36Z
0.7225845523857337,2009-05-13T05:36:38Z
0.7228689892924957,2009-05-13T06:20:33Z
0.7234144873000941,2009-05-13T07:25:58Z
0.7238904398754773,2009-05-13T08:30:45Z
0.723798072051502,2009-05-13T08:48:48Z
0.7241028245743361,2009-05-13T11:36:29Z
0.724451531584873,2009-05-14T00:46:19Z
0.7249012052254027,2009-05-14T01:49:55Z
0.7248518924011057,2009-05-14T02:07:34Z
0.7247634868372045,2009-05-14T03:04:40Z
0.7252473481955247,2009-05-14T04:10:59Z
0.7251482010156838,2009-05-14T04:24:23Z
0.7250064779389982,2009-05-14T04:36:45Z
0.7252313255101837,2009-05-14T05:16:40Z
0.725454833400431,2009-05-14T05:56:39Z
0.7266921314205078,2009-05-14T08:00:13Z
0.7269877866263448,2009-05-14T09:07:18Z
0.7270443252130385,2009-05-14T10:24:59Z
0.7269149296014404,2009-05-14T10:35:40Z
0.7268642633997027,2009-05-14T10:42:50Z
0.727356881352261,2009-05-14T11:59:59Z
0.7278544851555532,2009-05-15T01:00:01Z
0.7277918059346401,2009-05-15T01:07:44Z
0.7276483978287516,2009-05-15T01:18:17Z
0.7275221180245046,2009-05-15T01:56:27Z
0.7274639644134698,2009-05-15T02:16:37Z
0.7277649052829881,2009-05-15T03:18:39Z
0.7275339893282772,2009-05-15T03:32:37Z
0.7273844473270977,2009-05-15T03:47:10Z
0.7278825000922353,2009-05-15T05:50:59Z
0.7277456200053088,2009-05-15T09:01:43Z
0.727590700176729,2009-05-15T09:18:44Z
0.7275701816483205,2009-05-15T09:39:02Z
0.7274173119964837,2009-05-15T09:53:27Z
0.7276365638941398,2009-05-15T10:42:44Z
0.7278433486446793,2009-05-15T11:31:12Z
0.7279257683572505,2009-05-15T11:59:56Z
0.7279257683572505,2009-05-15T12:36:04Z
0.7279506902714696,2009-05-15T12:59:59Z
0.7278222312974668,2009-05-16T04:55:31Z
0.7279910281898353,2009-05-16T05:31:41Z
0.7279455713196099,2009-05-16T06:27:00Z
0.7278539205772031,2009-05-16T06:52:24Z
0.7277088287006629,2009-05-16T07:14:43Z
0.727568334802899,2009-05-16T07:40:48Z
0.7275641623022012,2009-05-16T07:46:11Z
0.7274528505369725,2009-05-16T08:01:17Z
0.7273632011899567,2009-05-16T08:31:01Z
0.7273559051225376,2009-05-16T08:43:48Z
0.7272141819971389,2009-05-16T09:00:42Z
0.7272141819971389,2009-05-16T09:06:23Z
0.7274611984412869,2009-05-16T09:48:59Z
0.727341811425479,2009-05-16T10:02:48Z
0.7275258821858178,2009-05-16T10:40:01Z
0.7276570018172835,2009-05-16T11:23:28Z
0.7276559642675089,2009-05-16T11:56:38Z
0.7276497390309962,2009-05-16T11:59:58Z
0.727598796149045,2009-05-17T01:14:01Z
0.7282526632182201,2009-05-17T07:08:43Z
0.7281272565003184,2009-05-17T09:35:29Z
0.7281091627344927,2009-05-17T12:00:35Z
0.7282721752108422,2009-05-17T12:45:07Z
0.7281228911836591,2009-05-17T12:54:43Z
0.7280841837259068,2009-05-17T12:59:57Z
0.728180388014347,2009-05-18T10:45:26Z
0.728180388014347,2009-05-18T10:48:56Z
0.7281463630133495,2009-05-18T11:08:53Z
0.7281427544876266,2009-05-18T11:18:06Z
0.728025483567105,2009-05-18T12:19:31Z
0.7278809572495244,2009-05-19T01:36:32Z
0.727731635766335,2009-05-19T01:50:23Z
0.7276321297453854,2009-05-19T12:29:51Z
0.7277326534071646,2009-05-19T13:41:19Z
0.7276725211288196,2009-05-19T13:59:31Z
0.7278343128328424,2009-05-20T00:35:07Z
0.7287739309995218,2009-05-20T02:25:42Z
0.7285016645366023,2009-05-20T03:17:11Z
0.7283734245616545,2009-05-20T03:25:45Z
0.7283524812856876,2009-05-20T03:54:03Z
0.7287096270759894,2009-05-20T04:54:26Z
0.728742286783086,2009-05-20T12:09:29Z
0.7286677923079934,2009-05-20T12:36:35Z
0.7285152415229574,2009-05-20T23:51:52Z
0.7287279465020777,2009-05-21T00:50:35Z
0.7292345557127611,2009-05-21T05:25:17Z
0.7292129273234081,2009-05-21T05:51:46Z
0.7300310566099637,2009-05-21T07:29:19Z
0.7300283979699532,2009-05-21T08:07:53Z
0.7305757730206099,2009-05-22T01:02:33Z
0.7305621687830527,2009-05-22T04:29:44Z
0.7309116692536599,2009-05-22T05:59:07Z
0.730820195413309,2009-05-22T06:07:27Z
0.7307312565489663,2009-05-22T12:44:57Z
0.7310874323313687,2009-05-23T00:51:57Z
0.731086930717661,2009-05-23T04:41:27Z
0.731702845885761,2009-05-23T06:05:53Z
0.7321091237667818,2009-05-24T00:59:52Z
0.7319930929888105,2009-05-24T04:31:52Z
0.7319668951336065,2009-05-24T04:53:46Z
0.7323127962665734,2009-05-24T05:53:56Z
0.732433637279193,2009-05-24T08:24:32Z
0.7328444932606514,2009-05-25T01:04:02Z
0.7328430026516638,2009-05-25T04:08:57Z
0.7328142330679788,2009-05-25T04:41:40Z
0.7328012414874558,2009-05-25T08:01:45Z
0.7327754419461201,2009-05-25T08:06:08Z
0.7331391157650661,2009-05-25T09:05:07Z
0.7331376298027876,2009-05-25T23:56:09Z
0.7335608419210747,2009-05-26T01:04:17Z
0.7334148741172031,2009-05-26T04:54:46Z
0.7332990020363171,2009-05-26T05:29:19Z
0.733550485096969,2009-05-26T06:14:39Z
0.7335430907727335,2009-05-26T08:43:43Z
0.7334133260417247,2009-05-26T09:23:39Z
0.7333960808973304,2009-05-26T09:27:24Z
0.733298537920954,2009-05-27T00:00:27Z
0.7336930659757084,2009-05-27T01:02:06Z
0.7335677117882045,2009-05-27T01:13:21Z
0.7341904223079148,2009-05-27T06:13:44Z
0.7340765373237979,2009-05-27T09:36:59Z
0.7340755569682126,2009-05-27T09:48:19Z
0.7345830952485605,2009-05-28T01:08:06Z
0.7344764626604092,2009-05-28T04:33:54Z
0.7343336821838575,2009-05-28T04:45:29Z
0.7346385908159221,2009-05-28T08:50:33Z
0.7346726487623948,2009-05-28T11:05:13Z
0.7346726487623948,2009-05-28T12:35:05Z
0.7346726487623948,2009-05-28T12:40:34Z
0.7345776927780113,2009-05-28T13:01:20Z
0.7344967273334225,2009-05-29T02:44:53Z
0.734519757597256,2009-05-29T03:11:18Z
0.7346225925546437,2009-05-29T05:08:49Z
0.7345570398376617,2009-05-29T08:14:51Z
0.734652070043208,2009-05-29T09:10:25Z
0.7345460876997899,2009-05-29T09:24:13Z
0.7344879684855005,2009-05-29T10:14:42Z
0.73448700015425,2009-05-29T10:19:11Z
0.7344860318255527,2009-05-29T10:22:45Z
0.7344860318255527,2009-05-29T10:28:35Z
0.7344860318255527,2009-05-29T10:49:34Z
0.7344302494810028,2009-05-29T11:16:03Z
0.7342933437317627,2009-05-29T11:52:02Z
0.734477011335488,2009-05-29T12:31:35Z
0.7344265937592649,2009-05-29T12:48:40Z
0.7343388797405223,2009-05-29T13:14:52Z
0.7343379146657835,2009-05-29T13:20:16Z
0.734422794667871,2009-05-30T00:34:59Z
0.7344827721884062,2009-05-30T01:04:25Z
0.7343419621449491,2009-05-30T09:34:16Z
0.7346432249849171,2009-05-30T10:27:30Z
0.735071353031035,2009-05-31T01:00:09Z
0.735611980311011,2009-05-31T10:18:07Z
0.735638172624228,2009-05-31T10:58:07Z
0.7355507152145644,2009-06-01T10:57:50Z
0.7354777703400901,2009-06-01T11:49:29Z
0.7353364669250992,2009-06-01T12:21:07Z
0.7353082781218142,2009-06-02T04:17:10Z
0.7352146900025506,2009-06-02T04:53:25Z
0.7349778489839073,2009-06-02T05:11:19Z
0.7348858506125303,2009-06-02T05:21:56Z
0.7348853739970063,2009-06-02T10:18:41Z
0.7351332884282777,2009-06-02T11:23:26Z
0.735132337098063,2009-06-02T11:32:19Z
0.7351095059115529,2009-06-03T03:38:23Z
0.7352796661658466,2009-06-03T04:54:01Z
0.7352217074614075,2009-06-03T10:34:08Z
0.7351238301915883,2009-06-03T10:54:42Z
0.7351705033601817,2009-06-03T12:03:12Z
0.7351042531687942,2009-06-04T04:41:13Z
0.7354254874875518,2009-06-04T11:37:05Z
0.7353004275304975,2009-06-04T11:48:57Z
0.735216367613643,2009-06-04T11:56:59Z
0.7351214691242831,2009-06-05T03:57:20Z
0.7351868128063943,2009-06-05T05:02:58Z
0.7353760196040524,2009-06-05T10:22:31Z
0.7357290519424434,2009-06-05T12:14:16Z
0.7356500987533823,2009-06-06T00:58:03Z
0.7355695243053695,2009-06-06T01:32:30Z
0.7355695243053695,2009-06-06T01:41:32Z
0.7355685856658861,2009-06-06T01:47:16Z
0.7356017087402408,2009-06-06T02:14:01Z
0.7355787312980895,2009-06-06T09:39:08Z
0.7354659036232877,2009-06-06T09:50:31Z
0.7355233250351769,2009-06-06T10:18:30Z
0.7355505284599911,2009-06-06T10:44:02Z
0.735425826438528,2009-06-06T12:08:48Z
0.7356452638149711,2009-06-06T12:57:33Z
0.7356153675682918,2009-06-06T23:42:48Z
0.7355672599165689,2009-06-07T00:01:49Z
0.7354559424214315,2009-06-07T00:54:52Z
0.7354384937089931,2009-06-07T02:11:24Z
0.7353578323068194,2009-06-07T02:59:20Z
0.7352200129685984,2009-06-07T03:09:30Z
0.735240134016505,2009-06-07T03:48:05Z
0.735461954459683,2009-06-07T12:20:00Z
0.7354301806470531,2009-06-07T12:45:15Z
0.7356040156845717,2009-06-07T13:25:27Z
0.7355775541733142,2009-06-07T13:30:08Z
0.7355172498623304,2009-06-08T01:06:28Z
0.7359871639584087,2009-06-08T02:27:14Z
0.7360198112922857,2009-06-08T02:57:05Z
0.735885169268599,2009-06-08T03:19:21Z
0.735847242169307,2009-06-08T03:25:34Z
0.7358192492126168,2009-06-08T03:44:46Z
0.7356837683327462,2009-06-08T03:57:41Z
0.7357802734975389,2009-06-08T04:32:18Z
0.7357323257657079,2009-06-08T04:52:50Z
0.7358028094022582,2009-06-08T05:22:02Z
0.7357041235744826,2009-06-08T05:46:35Z
0.7355717370385882,2009-06-08T05:57:01Z
0.7361561423593641,2009-06-08T07:18:12Z
0.7366223958544138,2009-06-08T08:35:11Z
0.7372546098432297,2009-06-09T02:50:03Z
0.7371468677626664,2009-06-09T03:01:24Z
0.7370201017495968,2009-06-09T03:14:52Z
0.7370532326934235,2009-06-09T03:48:17Z
0.7369869874523411,2009-06-09T03:55:17Z
0.7372609464808463,2009-06-09T09:53:09Z
0.7371498065968027,2009-06-09T10:05:18Z
0.7377335529906933,2009-06-09T12:48:48Z
0.7379956652381656,2009-06-09T14:07:51Z
0.7379293275689467,2009-06-10T02:35:26Z
0.7378117763790423,2009-06-10T03:00:20Z
0.7379137848242058,2009-06-10T03:34:03Z
0.7378865635523114,2009-06-10T04:10:41Z
0.7377563829094043,2009-06-10T04:24:11Z
0.7376738531286802,2009-06-10T04:50:28Z
0.737580462574532,2009-06-10T04:59:30Z
0.7374995008585233,2009-06-10T05:15:21Z
0.7373984808521773,2009-06-10T05:24:39Z
0.7374030882850302,2009-06-10T08:38:11Z
0.7373922255714875,2009-06-10T08:42:04Z
0.7372763765373873,2009-06-10T09:08:19Z
0.7372759240734718,2009-06-10T09:56:05Z
0.7373756383982404,2009-06-10T10:32:51Z
0.7372666231945166,2009-06-10T11:24:16Z
0.7371827898625083,2009-06-10T11:37:59Z
0.7371798168282888,2009-06-10T12:53:16Z
0.7370579695242572,2009-06-10T13:11:29Z
0.7371980688133392,2009-06-10T14:26:56Z
0.7370796440717721,2009-06-10T14:36:38Z
0.7370070817456543,2009-06-10T14:51:30Z
0.7369615494925948,2009-06-10T17:17:16Z
0.7372138573025596,2009-06-11T09:40:27Z
0.737210713441514,2009-06-11T11:30:08Z
0.7371262787244849,2009-06-11T11:43:37Z
0.7371043230051063,2009-06-12T04:24:24Z
0.7370532857389658,2009-06-12T06:55:24Z
0.7370339568317332,2009-06-12T07:18:39Z
0.7369317004302264,2009-06-12T13:14:51Z
0.7368237499984811,2009-06-12T14:58:18Z
0.736823302320523,2009-06-14T05:08:31Z
0.7368172431861691,2009-06-14T05:32:06Z
0.7367993486421849,2009-06-14T05:40:43Z
0.7370090923630935,2009-06-14T09:50:31Z
0.7373025673650613,2009-06-14T13:24:40Z
0.7373033614161423,2009-06-14T13:47:51Z
0.7372552432022828,2009-06-14T13:52:41Z
0.737177732622531,2009-06-15T07:50:10Z
0.7371587745078207,2009-06-15T08:15:26Z
0.7371018022788572,2009-06-15T13:28:38Z
0.7371503135806103,2009-06-15T14:03:16Z
0.737038339315213,2009-06-15T14:34:58Z
0.737311468461325,2009-06-16T00:56:46Z
0.7372591380119634,2009-06-16T09:44:27Z
0.7372161048285722,2009-06-16T10:21:01Z
0.7373362047773119,2009-06-16T11:00:10Z
0.7372686402079242,2009-06-16T11:39:57Z
0.7372324268664938,2009-06-17T05:03:53Z
0.7376031808287999,2009-06-17T11:46:58Z
0.7374790314411641,2009-06-17T11:59:36Z
0.7373845604978415,2009-06-17T12:10:48Z
0.737768037563935,2009-06-18T02:07:53Z
0.7380557292967863,2009-06-18T07:32:20Z
0.7380099651393027,2009-06-18T07:37:28Z
0.7379994049858372,2009-06-19T00:23:38Z
0.7385551918654807,2009-06-19T02:25:21Z
0.7384732015962329,2009-06-19T02:37:58Z
0.738368876669136,2009-06-19T02:47:58Z
0.7385333122726436,2009-06-19T04:31:56Z
0.7384664709856102,2009-06-19T04:41:49Z
0.7384035725904238,2009-06-19T04:54:22Z
0.7382772120308934,2009-06-19T05:48:09Z
0.738263241183386,2009-06-19T06:45:24Z
0.738263241183386,2009-06-19T07:00:29Z
0.7381951408730534,2009-06-19T07:10:36Z
0.7381680788538519,2009-06-19T07:14:59Z
0.7380550509048537,2009-06-19T07:22:21Z
0.7380297443700944,2009-06-19T07:29:33Z
0.7379080354599113,2009-06-19T07:43:36Z
0.737802063627429,2009-06-19T07:57:31Z
0.737748871138069,2009-06-19T08:09:20Z
0.7378075637327199,2009-06-19T08:42:33Z
0.7378118646327836,2009-06-19T09:27:01Z
0.7378878670597847,2009-06-19T10:16:45Z
0.7382633512577481,2009-06-19T11:34:56Z
0.7381930100266783,2009-06-19T11:52:23Z
0.7381440345477206,2009-06-19T13:03:40Z
0.7381249680790547,2009-06-19T13:08:46Z
0.7383913103613181,2009-06-20T01:02:41Z
0.7382974172660817,2009-06-20T04:01:04Z
0.7382974172660817,2009-06-20T04:04:15Z
0.7382853037673017,2009-06-20T04:11:28Z
0.7381883663617187,2009-06-20T04:26:32Z
0.7381364783119834,2009-06-20T04:33:01Z
0.7380492854984647,2009-06-20T09:36:07Z
0.7380032529385014,2009-06-20T09:54:54Z
0.7382718992421308,2009-06-20T10:46:30Z
0.7385853449457236,2009-06-20T12:15:25Z
0.7386941318124282,2009-06-21T01:27:34Z
0.7386854489611058,2009-06-21T01:49:15Z
0.7386213813428548,2009-06-21T09:43:59Z
0.7389121086066872,2009-06-21T10:53:23Z
0.7389018450818621,2009-06-21T13:25:43Z
0.7388117707224959,2009-06-21T13:34:18Z
0.738731048681684,2009-06-21T13:50:36Z
0.7386607529848369,2009-06-21T15:56:00Z
0.7386084685216784,2009-06-21T16:05:02Z
0.7386232134450508,2009-06-21T16:29:18Z
0.7384947667651328,2009-06-22T00:17:45Z
0.7383980330992944,2009-06-22T01:28:27Z
0.7382820717131474,2009-06-22T01:37:57Z
0.7381560193285978,2009-06-22T01:55:08Z
0.7380776557438481,2009-06-22T02:56:08Z
0.738076373299231,2009-06-22T05:05:50Z
0.7381055727051365,2009-06-22T06:11:48Z
0.7380232478845858,2009-06-22T06:18:12Z
0.7380053350716236,2009-06-22T06:25:04Z
0.7378872556694849,2009-06-22T06:36:19Z
0.7378444882173957,2009-06-22T09:43:02Z
0.7377195605958954,2009-06-22T11:46:53Z
0.7376388331326107,2009-06-23T01:56:33Z
0.737622240486799,2009-06-23T04:30:25Z
0.737622240486799,2009-06-23T04:35:57Z
0.7375622579179153,2009-06-23T04:46:41Z
0.7374873455231401,2009-06-23T09:01:57Z
0.7374553591479629,2009-06-23T09:43:27Z
0.7374000392279344,2009-06-23T10:19:16Z
0.7373560301656282,2009-06-23T13:54:50Z
0.7372480970908573,2009-06-23T16:07:21Z
0.7371840384420015,2009-06-24T02:58:38Z
0.7370761358752318,2009-06-24T03:19:47Z
0.737343786251758,2009-06-24T04:11:59Z
0.7373167536342801,2009-06-24T06:56:31Z
0.7373558372842317,2009-06-24T08:41:58Z
0.7372633752155816,2009-06-24T08:55:19Z
0.737228361468712,2009-06-24T09:01:58Z
0.73710458193336,2009-06-25T00:44:18Z
0.7370981532147742,2009-06-25T01:56:51Z
0.736984123365892,2009-06-25T03:46:22Z
0.7371195907798058,2009-06-25T04:53:14Z
0.7371141408327665,2009-06-26T07:10:51Z
0.7371876060064196,2009-06-26T07:43:11Z
0.7371108021157097,2009-06-26T07:57:50Z
0.7370174475100908,2009-06-26T12:00:23Z
0.7370048903990636,2009-06-26T12:05:21Z
0.7370040532735423,2009-06-26T12:17:41Z
0.7369109234231677,2009-06-26T14:28:53Z
0.7367971398533596,2009-06-27T02:31:48Z
0.7369394760491427,2009-06-27T03:30:01Z
0.7370671602087366,2009-06-27T07:30:28Z
0.7369597434189716,2009-06-28T10:20:35Z
0.7369393104010212,2009-06-28T10:25:40Z
0.7369326386405508,2009-06-28T10:34:05Z
0.736808905569262,2009-06-28T10:42:52Z
0.736742396395194,2009-06-28T11:01:52Z
0.7366178731421134,2009-06-28T11:12:05Z
0.7365429115626567,2009-06-28T11:21:51Z
0.7365137772272864,2009-06-28T11:50:03Z
0.7364813172035416,2009-06-28T12:00:41Z
0.736448213896447,2009-06-28T12:26:45Z
0.736448213896447,2009-06-28T12:30:14Z
0.7363654429382129,2009-06-28T12:45:24Z
0.7362438749873704,2009-06-28T12:53:55Z
0.7361825007870888,2009-06-29T00:37:47Z
0.7361667170693617,2009-06-29T00:51:53Z
0.7360558308287981,2009-06-29T01:38:26Z
0.7360256816472517,2009-06-29T02:40:14Z
0.7360089522871494,2009-06-29T08:27:18Z
0.7359193725370027,2009-06-29T08:41:48Z
0.7359185434619254,2009-06-29T08:45:41Z
0.7359094237593646,2009-06-30T07:23:26Z
0.7358178247398932,2009-06-30T07:48:41Z
0.735753188509094,2009-06-30T08:03:36Z
0.7356615286077149,2009-06-30T09:18:52Z
0.7356709088444542,2009-06-30T11:26:00Z
0.7355812942690659,2009-06-30T12:47:26Z
0.7354845238530279,2009-07-01T03:10:39Z
0.7353675235583377,2009-07-01T08:45:43Z
0.7353666968335966,2009-07-01T08:56:12Z
0.7352634819757159,2009-07-01T09:30:28Z
0.7352159802522068,2009-07-01T12:05:55Z
0.735149960465785,2009-07-01T14:49:15Z
0.7351346922098637,2009-07-01T17:10:56Z
0.7350657965254586,2009-07-02T02:55:05Z
0.7350392930118398,2009-07-02T03:35:05Z
0.7350652451471085,2009-07-02T04:01:14Z
0.7352335147534707,2009-07-02T09:51:51Z
0.7351775470349496,2009-07-02T10:02:03Z
0.7351977161599359,2009-07-02T10:26:14Z
0.7353947398553675,2009-07-02T12:28:36Z
0.7353470948874778,2009-07-03T01:39:06Z
0.7352518234703149,2009-07-03T01:46:20Z
0.7352073194080304,2009-07-03T02:07:22Z
0.7353044830151307,2009-07-03T02:52:42Z
0.7352874626599492,2009-07-03T05:50:55Z
0.7353121844754544,2009-07-03T10:01:37Z
0.7352851582709014,2009-07-03T13:54:54Z
0.7352102323664853,2009-07-03T14:05:32Z
0.7351879843192428,2009-07-04T04:44:00Z
0.735070985088513,2009-07-04T05:01:03Z
0.7350099229304238,2009-07-04T10:28:07Z
0.7351182736908548,2009-07-04T11:09:12Z
0.7350431244263596,2009-07-05T04:48:23Z
0.7350853010030939,2009-07-05T05:19:40Z
0.7351234440864051,2009-07-05T09:54:57Z
0.7350302265340223,2009-07-05T10:14:43Z
0.7349241278823171,2009-07-05T10:25:51Z
0.7351146724605038,2009-07-05T15:01:49Z
0.7350292565012756,2009-07-05T23:50:42Z
0.73492674303861,2009-07-06T00:20:46Z
0.7348531581658312,2009-07-06T00:39:34Z
0.7347921791906459,2009-07-06T00:46:02Z
0.7346731867260264,2009-07-06T01:04:07Z
0.7347490366692878,2009-07-06T04:04:29Z
0.7347689568683409,2009-07-06T04:47:34Z
0.7347652843850374,2009-07-06T05:30:55Z
0.7346458495995409,2009-07-06T11:30:28Z
0.7346458495995409,2009-07-06T11:34:18Z
0.734557490070416,2009-07-06T12:48:01Z
0.7344391519360559,2009-07-06T12:56:40Z
0.7343529416954895,2009-07-07T07:32:03Z
0.7342270193258263,2009-07-07T08:06:56Z
0.7341573244265133,2009-07-07T08:51:07Z
0.7340856285389528,2009-07-07T09:26:24Z
0.7340858946241663,2009-07-07T10:24:00Z
0.7339957672936446,2009-07-07T10:31:00Z
0.7340740761113205,2009-07-07T11:09:20Z
0.7339787106860653,2009-07-08T02:08:45Z
0.7338907311805372,2009-07-08T02:21:03Z
0.7337950111095108,2009-07-08T03:33:21Z
0.7336781185936718,2009-07-08T04:13:58Z
0.733575322789978,2009-07-08T04:44:20Z
0.7335065234644251,2009-07-08T05:08:49Z
0.7332749218623287,2009-07-08T09:49:11Z
0.7332709039043416,2009-07-08T09:52:31Z
0.733094019303594,2009-07-08T10:12:58Z
0.7329767985910927,2009-07-08T10:36:25Z
0.7329767985910927,2009-07-08T11:29:12Z
0.7372270483071353,2009-07-08T22:27:18Z
0.7371276559820802,2009-07-08T22:38:03Z
0.7370164721417322,2009-07-08T22:48:38Z
0.7370046231864563,2009-07-08T22:52:58Z
0.7369291462600596,2009-07-09T00:21:14Z
0.7368762481465292,2009-07-09T00:34:08Z
0.7368102857387654,2009-07-09T00:57:09Z
0.7368695896898931,2009-07-10T10:50:17Z
0.7369152927666154,2009-07-10T14:08:40Z
0.7368410082316184,2009-07-11T07:47:18Z
0.7367313263917907,2009-07-11T09:16:28Z
