availability,time
0.0,2008-09-14T13:13:13Z
0.0,2008-09-14T14:45:33Z
0.07547169811320754,2008-09-14T14:57:58Z
0.060836501901140684,2008-09-14T15:06:28Z
0.05144694533762058,2008-09-14T15:14:28Z
0.1705607476635514,2008-09-14T15:35:48Z
0.5469432314410481,2008-09-15T03:18:11Z
0.5264207377866401,2008-09-15T03:31:46Z
0.5450680272108843,2008-09-15T04:02:56Z
0.5224719101123596,2008-09-15T04:15:01Z
0.5212169735788631,2008-09-15T04:20:11Z
0.5372714486638537,2008-09-15T04:38:51Z
0.541507024265645,2008-09-15T05:45:26Z
0.5380710659898477,2008-09-15T05:51:46Z
0.5463442717328728,2008-09-15T06:08:51Z
0.5986748698532892,2008-09-15T10:48:25Z
0.6548053527980535,2008-09-15T12:29:13Z
0.6548281272286407,2008-09-15T12:58:48Z
0.6422356789865664,2008-09-16T03:19:23Z
0.6359255789050997,2008-09-16T03:32:23Z
0.6363175568649813,2008-09-16T04:23:15Z
0.6263069974633422,2008-09-16T04:33:15Z
0.61669204995431,2008-09-16T04:41:35Z
0.6450188476036618,2008-09-16T05:20:35Z
0.6376364120308757,2008-09-16T05:34:55Z
0.6217492862704386,2008-09-16T06:53:10Z
0.6217760982522438,2008-09-16T07:36:30Z
0.6334877564526803,2008-09-16T08:21:10Z
0.6478890525282278,2008-09-16T08:55:49Z
0.6432062169524114,2008-09-16T09:32:24Z
0.6456802001154512,2008-09-17T05:50:05Z
0.6392030360531309,2008-09-17T05:59:40Z
0.6524805102763997,2008-09-17T06:37:00Z
0.6504582396679924,2008-09-17T06:54:45Z
0.6443302500856458,2008-09-17T07:02:30Z
0.664930991217064,2008-09-17T08:29:50Z
0.6752328848144314,2008-09-17T09:07:55Z
0.6695894428152492,2008-09-17T09:17:45Z
0.6704558404558405,2008-09-17T09:37:35Z
0.6737145999450096,2008-09-17T10:07:35Z
0.6692980060092871,2008-09-17T10:16:00Z
0.6709454979445697,2008-09-17T11:21:11Z
0.6693554682417839,2008-09-18T05:05:40Z
0.6686199077730504,2008-09-18T05:35:45Z
0.6650304586416956,2008-09-18T09:35:21Z
0.6612850742159145,2008-09-18T09:42:21Z
0.6594693093033125,2008-09-18T09:48:16Z
0.6569474176324401,2008-09-18T10:07:01Z
0.6541189042160482,2008-09-18T10:19:16Z
0.6506425741617547,2008-09-18T10:27:21Z
0.6494658918280244,2008-09-18T10:32:11Z
0.6459034390587337,2008-09-18T10:42:31Z
0.6437525272947837,2008-09-18T10:49:41Z
0.6442742048153495,2008-09-18T11:08:41Z
0.640545420872303,2008-09-18T11:16:26Z
0.6560618901710238,2008-09-18T12:26:53Z
0.6580509732411688,2008-09-18T13:02:53Z
0.657891996584543,2008-09-18T13:23:18Z
0.6545578456073685,2008-09-18T13:37:08Z
0.6566929451378107,2008-09-18T14:17:03Z
0.655060519190954,2008-09-18T14:32:08Z
0.6521353015472056,2008-09-18T14:43:33Z
0.6503890633227373,2008-09-18T14:58:58Z
0.6501988614208843,2008-09-18T15:09:08Z
0.6501988614208843,2008-09-18T15:33:33Z
0.6503488461243578,2008-09-19T02:58:48Z
0.6488390591265483,2008-09-19T04:22:09Z
0.648286418278205,2008-09-19T04:38:29Z
0.6479840289568446,2008-09-19T04:45:49Z
0.6545988610970951,2008-09-19T06:14:24Z
0.6538330003419911,2008-09-19T06:20:09Z
0.6519414794090918,2008-09-19T07:22:41Z
0.6501984301966663,2008-09-20T07:56:39Z
0.6569567334329511,2008-09-20T09:02:45Z
0.65251103617912,2008-09-20T09:36:19Z
0.6517203071919627,2008-09-20T09:55:29Z
0.6464158016601824,2008-09-20T13:26:25Z
0.6528189005219621,2008-09-29T09:23:25Z
0.6542972851357433,2008-09-29T11:13:13Z
0.651511985432401,2008-09-29T13:17:21Z
0.6507870876281048,2008-09-29T13:36:51Z
0.6508427130110224,2008-09-29T14:36:11Z
0.6505960882618708,2008-09-29T14:58:41Z
0.6518009553454879,2008-09-30T03:39:54Z
0.6495286449791063,2008-09-30T03:53:22Z
0.6502793756263643,2008-09-30T04:44:08Z
0.648716795464148,2008-09-30T04:56:00Z
0.648716795464148,2008-09-30T05:12:16Z
0.6487813870198954,2008-09-30T08:10:56Z
0.6542105195687566,2008-09-30T08:57:06Z
0.6549560377000443,2008-09-30T11:54:23Z
0.6515026399419463,2008-09-30T12:24:36Z
0.6525613021855293,2008-09-30T13:15:58Z
0.6515765627869956,2008-09-30T13:31:04Z
0.6554276023197618,2008-10-02T04:31:37Z
0.6505232700586856,2008-10-02T05:00:51Z
0.6497122810267573,2008-10-02T07:28:22Z
0.652680997146787,2008-10-02T09:48:55Z
0.6513475337589695,2008-10-02T13:27:37Z
0.6513475337589695,2008-10-02T13:51:43Z
0.652551162661016,2008-10-02T14:37:17Z
0.6519343130311614,2008-10-02T23:12:11Z
0.6467588443647847,2008-10-03T00:24:17Z
0.6457667561464059,2008-10-03T00:43:31Z
0.6512549267874282,2008-10-03T01:59:19Z
0.6498078994978961,2008-10-03T08:29:08Z
0.6491833727010276,2008-10-03T08:50:16Z
0.648341726690877,2008-10-03T10:07:11Z
0.6511416786722188,2008-10-03T10:41:31Z
0.6511350293542074,2008-10-03T11:04:45Z
0.6524638969976995,2008-10-03T13:48:29Z
0.6529987174333353,2008-10-03T14:12:33Z
0.6532536520584329,2008-10-03T14:40:37Z
0.6528251408331293,2008-10-03T14:57:39Z
0.6519075101184231,2008-10-04T03:36:42Z
0.6515615260812533,2008-10-04T05:00:53Z
0.6543781754932028,2008-10-04T12:02:41Z
0.6651443555696347,2008-10-04T13:28:49Z
0.6706793515592802,2008-10-04T14:45:16Z
0.6699890207918754,2008-10-05T08:36:05Z
0.6700028936662752,2008-10-05T08:56:57Z
0.6694288424888127,2008-10-05T09:29:42Z
0.6678374477528511,2008-10-05T10:39:06Z
0.6673052839358729,2008-10-05T11:04:52Z
0.6701840290529236,2008-10-05T14:28:42Z
0.6688303755405879,2008-10-05T14:37:46Z
0.667362843652735,2008-10-05T15:06:38Z
0.6667313288069835,2008-10-06T10:55:11Z
0.6661092709907708,2008-10-06T13:19:17Z
0.6647625160462131,2008-10-06T13:29:55Z
0.6646800101988781,2008-10-07T04:03:30Z
0.6645317528598286,2008-10-07T05:06:44Z
0.664909307726103,2008-10-07T06:47:01Z
0.6657886353217247,2008-10-07T08:21:45Z
0.6651021812586504,2008-10-07T10:18:01Z
0.6646807458407709,2008-10-07T10:24:49Z
0.6636982874735424,2008-10-07T11:04:35Z
0.664529018384792,2008-10-07T11:38:44Z
0.6639429460187398,2008-10-07T12:00:36Z
0.6639429460187398,2008-10-07T12:05:54Z
0.6640525534687851,2008-10-07T13:29:36Z
0.6640425483829656,2008-10-07T13:32:42Z
0.6671535011305927,2008-10-08T10:42:16Z
0.6692741681728708,2008-10-08T11:15:20Z
0.6692741681728708,2008-10-08T11:19:30Z
0.670497917798298,2008-10-08T13:46:13Z
0.6702785597546312,2008-10-09T08:35:37Z
0.6697158884625515,2008-10-09T09:20:15Z
0.6699626114059949,2008-10-09T11:24:30Z
0.6692587412587413,2008-10-10T05:21:47Z
0.6730684690625344,2008-10-10T11:32:39Z
0.6762427503413592,2008-10-10T14:16:14Z
0.6757665863864484,2008-10-11T08:13:54Z
0.6782109430301759,2008-10-11T09:26:52Z
0.6774433684430484,2008-10-11T13:14:02Z
0.6820867210402948,2008-10-11T14:14:26Z
0.6824986209651341,2008-10-11T14:50:48Z
0.6826768627994432,2008-10-11T15:25:16Z
0.6837118729754527,2008-10-11T16:09:12Z
0.6826633963532686,2008-10-11T16:23:04Z
0.6853325805600388,2008-10-11T17:06:56Z
0.6847694788671077,2008-10-11T17:16:30Z
0.6845354661200486,2008-10-11T17:42:36Z
0.6835469994463137,2008-10-11T17:56:30Z
0.6837077123076458,2008-10-11T18:30:54Z
0.6828324184616871,2008-10-11T18:37:58Z
0.6818047649167194,2008-10-11T18:51:38Z
0.6815934115334129,2008-10-11T19:23:34Z
0.6806031364530458,2008-10-11T19:37:42Z
0.6795031648779091,2008-10-11T19:47:28Z
0.678319846132776,2008-10-11T19:58:12Z
0.6806448009688476,2008-10-12T05:02:08Z
0.6795104234508575,2008-10-12T05:12:00Z
0.6786821455570466,2008-10-12T05:18:56Z
0.6784729066912395,2008-10-12T05:36:14Z
0.6775403467696376,2008-10-12T05:44:06Z
0.6768229181817653,2008-10-12T05:53:16Z
0.6774979644397734,2008-10-12T09:14:06Z
0.6762022931458377,2008-10-12T09:42:17Z
0.6764195331414736,2008-10-12T11:08:18Z
0.6760052323266792,2008-10-12T11:30:59Z
0.675774217290381,2008-10-12T13:23:09Z
0.6760346205359655,2008-10-13T10:30:23Z
0.6761524212458517,2008-10-13T11:06:33Z
0.6756244318910569,2008-10-14T03:49:28Z
0.6756244318910569,2008-10-14T03:58:04Z
0.6755640695819233,2008-10-14T05:53:22Z
0.6754372892208,2008-10-14T05:57:18Z
0.6759480069514114,2008-10-14T10:05:06Z
0.6780312267980338,2008-10-15T13:00:11Z
0.6782034146762094,2008-10-16T04:08:09Z
0.6778527105059037,2008-10-16T04:16:05Z
0.6779420353531835,2008-10-16T04:53:29Z
0.6779420353531835,2008-10-16T04:59:51Z
0.6778002986985279,2008-10-16T05:22:43Z
0.6769770068404117,2008-10-16T05:30:19Z
0.6769770068404117,2008-10-16T05:41:01Z
0.6756742441897418,2008-10-16T08:55:53Z
0.6758980301274623,2008-10-16T10:56:41Z
0.6759224318658281,2008-10-16T12:34:04Z
0.675780758750786,2008-10-16T12:38:09Z
0.6764062955406587,2008-10-16T13:15:37Z
0.6767995530217592,2008-10-16T13:58:12Z
0.6785502140472338,2008-10-17T01:42:41Z
0.6785432647501614,2008-10-17T01:49:03Z
0.679456036752076,2008-10-17T02:19:13Z
0.6798642191083317,2008-10-17T02:42:03Z
0.6798401802265965,2008-10-17T02:57:36Z
0.6805644032684427,2008-10-17T03:24:18Z
0.6805644032684427,2008-10-17T03:28:28Z
0.6795835482530159,2008-10-17T03:48:15Z
0.6793113977784119,2008-10-17T10:30:14Z
0.6786910615780146,2008-10-17T10:52:34Z
0.6781701006633162,2008-10-17T11:23:02Z
0.6779121547152467,2008-10-17T12:12:18Z
0.6769627023639764,2008-10-17T12:23:26Z
0.6764053236241974,2008-10-17T12:50:22Z
0.6770647493266989,2008-10-18T09:52:00Z
0.6765816647255751,2008-10-19T05:27:15Z
0.6778575052547655,2008-10-19T06:36:25Z
0.6785729713125573,2008-10-19T08:54:50Z
0.6778967932849078,2008-10-19T11:55:49Z
0.6808944721244894,2008-10-19T12:51:21Z
0.6812300090649057,2008-10-19T13:17:43Z
0.6843194731943152,2008-10-20T03:52:28Z
0.6844033906273767,2008-10-20T06:02:49Z
0.6842314058631209,2008-10-20T06:46:27Z
0.6838092553612264,2008-10-20T07:07:34Z
0.6837606837606838,2008-10-20T07:58:26Z
0.6840339063330846,2008-10-20T08:23:02Z
0.6843717080846108,2008-10-20T08:48:10Z
0.684387793489566,2008-10-20T09:07:36Z
0.6842005459492594,2008-10-21T00:52:42Z
0.6844480990197563,2008-10-21T02:14:28Z
0.6884372044140831,2008-10-21T04:14:30Z
0.6875726875390991,2008-10-21T04:24:16Z
0.6869497007042992,2008-10-21T04:31:28Z
0.6877346813751026,2008-10-21T05:11:52Z
0.6877207838839698,2008-10-21T05:31:32Z
0.6870263169889818,2008-10-21T05:47:38Z
0.6872966452916555,2008-10-22T06:09:34Z
0.6874925597376101,2008-10-22T06:32:56Z
0.6907026339269638,2008-10-22T08:25:36Z
0.690359623817447,2008-10-22T08:47:50Z
0.6917808761157181,2008-10-22T10:28:29Z
0.6920195965690251,2008-10-23T08:57:30Z
0.6916929143135422,2008-10-23T13:33:44Z
0.6914936930870597,2008-10-23T13:51:16Z
0.6922684904221714,2008-10-23T14:25:10Z
0.6921392454297939,2008-10-23T14:30:10Z
0.6920800242686351,2008-10-23T14:37:56Z
0.6920800242686351,2008-10-23T14:41:32Z
0.6921989496351609,2008-10-24T00:45:00Z
0.6924900545841428,2008-10-24T05:05:25Z
0.6918349125224178,2008-10-24T05:19:29Z
0.6942155363298103,2008-10-24T06:12:43Z
0.6940565672807809,2008-10-24T08:48:03Z
0.6949503092954393,2008-10-24T13:43:24Z
0.694184182602217,2008-10-24T14:02:08Z
0.6940063919815143,2008-10-24T14:20:34Z
0.6941453792876728,2008-10-25T03:27:28Z
0.6934580065189242,2008-10-25T03:49:44Z
0.693432204966402,2008-10-25T09:59:15Z
0.6943471125698571,2008-10-25T10:39:05Z
0.6941008246874169,2008-10-25T10:44:19Z
0.6938046770781896,2008-10-25T11:32:01Z
0.6932630772743006,2008-10-25T11:39:03Z
0.6936070247964172,2008-10-25T12:04:09Z
0.6949092760263264,2008-10-25T12:47:31Z
0.694808216687875,2008-10-25T14:11:35Z
0.6966337047253451,2008-10-25T14:59:15Z
0.6962992499353392,2008-10-25T15:21:59Z
0.6962942473902392,2008-10-25T15:26:25Z
0.6956691727165772,2008-10-26T08:35:00Z
0.6967446664529686,2008-10-26T09:11:32Z
0.6966553421223193,2008-10-26T09:15:22Z
0.6965250608859888,2008-10-26T09:33:44Z
0.6976795821556202,2008-10-26T10:11:46Z
0.6973748176956733,2008-10-26T10:16:52Z
0.6973649910170149,2008-10-26T10:32:54Z
0.6973649910170149,2008-10-26T11:42:36Z
0.6973649910170149,2008-10-26T12:36:05Z
0.6977540774398026,2008-10-26T13:08:25Z
0.70307533893942,2008-10-27T15:14:32Z
0.7028269591532131,2008-10-28T00:06:51Z
0.7027929796787357,2008-10-28T00:47:56Z
0.7035475665592674,2008-10-28T01:20:40Z
0.7032232038130624,2008-10-28T01:27:04Z
0.7031230934013043,2008-10-28T01:32:58Z
0.7027349721970425,2008-10-28T01:48:36Z
0.702174471421619,2008-10-28T01:55:52Z
0.7014020704602668,2008-10-28T07:01:49Z
0.7003303144029165,2008-10-28T07:25:23Z
0.7001845885353739,2008-10-28T07:30:11Z
0.6999591612661347,2008-10-28T08:34:53Z
0.6999591612661347,2008-10-28T08:38:01Z
0.7002033468897927,2008-10-28T12:05:37Z
0.7005588409029063,2008-10-29T00:26:07Z
0.6999078505986397,2008-10-29T02:21:41Z
0.699862542046934,2008-10-29T02:41:58Z
0.699805652546281,2008-10-29T03:03:58Z
0.6996840265916914,2008-10-29T05:19:31Z
0.6997283142389525,2008-10-29T05:57:37Z
0.7031787190948907,2008-10-29T11:47:01Z
0.7028704246964842,2008-10-29T11:58:07Z
0.7022727419136642,2008-10-29T12:09:21Z
0.7017664136781188,2008-10-29T12:21:59Z
0.7014523194717437,2008-10-29T12:36:27Z
0.7007231590564924,2008-10-29T12:46:57Z
0.7021288108834183,2008-10-29T14:57:11Z
0.7020237286629298,2008-10-30T00:04:01Z
0.7054901825891448,2008-10-30T03:23:06Z
0.7045987257970002,2008-10-30T07:57:53Z
0.7045715848285035,2008-10-30T09:19:36Z
0.7040752370550564,2008-10-30T11:48:00Z
0.7052823865001571,2008-10-30T13:49:03Z
0.7048092715965084,2008-10-30T14:01:15Z
0.7044192780862091,2008-10-31T00:24:25Z
0.7065443592552026,2008-10-31T07:02:24Z
0.7071108554822304,2008-10-31T12:12:34Z
0.7073278851663098,2008-10-31T13:20:38Z
0.7071456074698882,2008-10-31T13:47:34Z
0.7096566068419378,2008-11-01T03:47:41Z
0.7107142230052031,2008-11-01T04:46:39Z
0.7107167239477876,2008-11-01T05:21:19Z
0.7112843900867136,2008-11-01T06:18:43Z
0.7111932066578459,2008-11-01T07:51:09Z
0.711335409488849,2008-11-01T14:27:16Z
0.711624905108908,2008-11-01T14:59:48Z
0.7118043849634115,2008-11-02T03:56:05Z
0.7114939245954207,2008-11-02T04:14:15Z
0.7114697823560516,2008-11-02T04:21:13Z
0.7113490957306954,2008-11-02T04:28:27Z
0.7112204084516995,2008-11-02T04:33:19Z
0.7127047192321819,2008-11-02T05:24:17Z
0.7122685489809575,2008-11-02T05:36:09Z
0.7120171901676264,2008-11-02T06:00:29Z
0.7119307271475671,2008-11-02T06:34:59Z
0.7116234689307344,2008-11-02T07:02:53Z
0.7112119417591797,2008-11-02T07:10:15Z
0.7112119417591797,2008-11-02T07:35:21Z
0.7109154626225235,2008-11-02T09:08:48Z
0.7115901921699921,2008-11-02T09:54:34Z
0.7129849607971162,2008-11-02T10:50:41Z
0.7128158666900236,2008-11-02T11:07:49Z
0.7136282482554405,2008-11-02T11:54:33Z
0.7131701771182384,2008-11-02T12:01:41Z
0.7126507071958949,2008-11-02T12:10:37Z
0.7120971815609232,2008-11-02T12:18:37Z
0.7119395867316248,2008-11-02T12:44:33Z
0.7128060212921857,2008-11-02T13:23:43Z
0.7119617199313908,2008-11-03T01:47:24Z
0.7118362004487659,2008-11-03T01:52:18Z
0.7125719387185742,2008-11-03T07:04:51Z
0.7130344378779622,2008-11-03T10:56:37Z
0.7133509715978265,2008-11-04T10:39:18Z
0.7129549609004677,2008-11-05T02:02:27Z
0.7134803502278347,2008-11-05T03:38:15Z
0.7130146247455046,2008-11-05T03:46:09Z
0.7126749550799758,2008-11-05T03:52:15Z
0.7121955384448204,2008-11-05T04:01:27Z
0.7117793384497632,2008-11-05T04:10:55Z
0.7120104102246959,2008-11-05T06:07:57Z
0.7115213328459412,2008-11-05T06:39:25Z
0.7112789876019785,2008-11-05T09:03:35Z
0.7111729992061311,2008-11-05T09:10:51Z
0.7115509118871599,2008-11-05T09:51:19Z
0.71139619981972,2008-11-05T10:08:41Z
0.7114715280518389,2008-11-05T10:32:55Z
0.7109579109375597,2008-11-05T10:45:31Z
0.7104554710160585,2008-11-05T11:01:19Z
0.7100643094163914,2008-11-05T11:17:01Z
0.7098408379674164,2008-11-05T11:45:17Z
0.709846776173733,2008-11-05T12:11:11Z
0.7093691264302103,2008-11-05T12:23:37Z
0.7093205475995206,2008-11-06T03:21:29Z
0.7085759201082288,2008-11-06T08:42:08Z
0.7087344261306987,2008-11-06T09:57:22Z
0.7090157883277987,2008-11-06T13:11:11Z
0.7107564739071212,2008-11-06T14:16:23Z
0.7103651959143289,2008-11-06T14:27:05Z
0.7108116851845907,2008-11-06T14:58:01Z
0.7107636741702863,2008-11-07T05:43:39Z
0.7107636741702863,2008-11-07T05:46:51Z
0.7104390076317145,2008-11-07T07:06:12Z
0.7122665946719009,2008-11-07T10:19:00Z
0.7118032858590448,2008-11-07T10:30:44Z
0.711312393001542,2008-11-07T10:38:52Z
0.711970168226648,2008-11-07T11:14:58Z
0.711651801950437,2008-11-08T07:11:57Z
0.7128051859172387,2008-11-08T09:28:35Z
0.7124062802683344,2008-11-08T12:25:29Z
0.7120152696191434,2008-11-08T12:36:29Z
0.7147278001893113,2008-11-08T14:22:23Z
0.7145008306724323,2008-11-08T14:39:53Z
0.7141952836915315,2008-11-08T14:59:07Z
0.7144917374654995,2008-11-08T15:41:59Z
0.7140296073059789,2008-11-08T15:51:11Z
0.7136717002433637,2008-11-08T15:58:19Z
0.7132927014728074,2008-11-08T16:14:23Z
0.7142820593331706,2008-11-08T17:01:31Z
0.7139807823180603,2008-11-08T17:16:55Z
0.7136869791509625,2008-11-08T17:30:57Z
0.7135068056111853,2008-11-08T17:51:25Z
0.7131230761047292,2008-11-08T18:02:17Z
0.7127373591447559,2008-11-08T18:10:05Z
0.7127291845859747,2008-11-08T18:44:29Z
0.7124047985887045,2008-11-08T19:02:57Z
0.7123551458135617,2008-11-08T19:35:13Z
0.7126483109554879,2008-11-08T20:09:57Z
0.7127847844007682,2008-11-08T20:36:01Z
0.7123414566254532,2008-11-08T20:48:17Z
0.7120012944069315,2008-11-08T21:05:45Z
0.7123415831579138,2008-11-08T21:35:29Z
0.7120905333185196,2008-11-08T21:51:43Z
0.7120280014570894,2008-11-08T22:16:41Z
0.7122528841924824,2008-11-09T14:57:37Z
0.7121734922403412,2008-11-10T00:03:25Z
0.7119010923490567,2008-11-10T00:09:23Z
0.7111094137178827,2008-11-10T08:54:11Z
0.711142784788567,2008-11-10T10:53:53Z
0.711813819856033,2008-11-10T14:27:39Z
0.7114214210421926,2008-11-10T14:38:09Z
0.7114182502133805,2008-11-10T14:49:17Z
0.7112747333414897,2008-11-11T00:23:12Z
0.7109751637463843,2008-11-11T06:33:13Z
0.7108837732955389,2008-11-11T06:37:21Z
0.7111311909296171,2008-11-11T07:56:13Z
0.711417731163309,2008-11-11T14:33:47Z
0.7110356954999328,2008-11-11T14:42:15Z
0.7110216145827615,2008-11-12T00:07:19Z
0.7105674893407855,2008-11-12T00:23:09Z
0.7101747737196822,2008-11-12T00:31:33Z
0.710941319226203,2008-11-12T01:15:54Z
0.7107350204323855,2008-11-12T01:24:25Z
0.7103421216117536,2008-11-12T01:37:11Z
0.7096387508022322,2008-11-12T08:52:23Z
0.709209819691129,2008-11-12T10:23:50Z
0.7088993274307072,2008-11-12T10:36:10Z
0.708921672924715,2008-11-12T13:54:28Z
0.7092317891949907,2008-11-13T00:24:00Z
0.7088882033537053,2008-11-13T00:56:12Z
0.708566687856227,2008-11-13T01:08:36Z
0.7082006669379196,2008-11-13T01:28:50Z
0.7078215234387603,2008-11-13T23:48:33Z
0.7084094771611165,2008-11-14T00:59:09Z
0.7082463699215678,2008-11-14T07:55:42Z
0.7088470589232043,2008-11-14T09:01:18Z
0.7099526904540832,2008-11-14T15:26:44Z
0.7106576324895054,2008-11-14T16:09:20Z
0.7108276607261913,2008-11-15T02:55:58Z
0.7104215757277237,2008-11-15T05:27:02Z
0.7103383337256708,2008-11-15T05:47:52Z
0.7107197648323953,2008-11-15T07:58:38Z
0.7105620418137388,2008-11-15T11:41:59Z
0.7111221660986651,2008-11-16T02:16:00Z
0.711116294527207,2008-11-16T02:43:02Z
0.7109519298832143,2008-11-16T03:43:59Z
0.7127467332466975,2008-11-16T04:58:59Z
0.7128966087338117,2008-11-16T05:28:25Z
0.7126186277407978,2008-11-16T05:42:57Z
0.7130809743653281,2008-11-16T13:11:35Z
0.7126817278633492,2008-11-16T13:23:25Z
0.7126863026655028,2008-11-23T23:49:08Z
0.7118590929961145,2008-11-24T06:34:20Z
0.7117234276713684,2008-11-24T08:17:28Z
0.7117004327360915,2008-11-24T08:28:17Z
0.7114992904164842,2008-11-24T08:37:25Z
0.7114796108524539,2008-11-25T03:46:22Z
0.7111940673958322,2008-11-25T04:00:22Z
0.711773606838292,2008-11-25T04:49:06Z
0.7115700610235708,2008-11-25T10:17:03Z
0.7117979400453821,2008-11-26T12:23:32Z
0.712093268475136,2008-11-26T14:45:01Z
0.7120955525421845,2008-11-26T15:14:27Z
0.7121605587546079,2008-11-27T00:16:59Z
0.7120909844055544,2008-11-27T00:39:05Z
0.7118967374652843,2008-11-27T00:46:11Z
0.7118207566375268,2008-11-27T00:51:47Z
0.7119088229204665,2008-11-27T01:18:53Z
0.7117991783351345,2008-11-27T01:36:05Z
0.7116060177749645,2008-11-27T02:59:47Z
0.7112297154216816,2008-11-27T03:09:11Z
0.7115198944030896,2008-11-27T03:38:49Z
0.7113043954474954,2008-11-27T04:01:31Z
0.7113567038958961,2008-11-27T13:56:46Z
0.711652466939182,2008-11-28T00:20:41Z
0.7119028450040255,2008-11-28T06:59:24Z
0.7115178445068697,2008-11-28T07:08:38Z
0.7114819819208558,2008-11-28T07:13:16Z
0.7114571560943742,2008-11-28T07:19:44Z
0.7114098634717192,2008-11-28T09:28:48Z
0.7121627087305714,2008-11-28T10:12:46Z
0.7128326679016466,2008-11-28T11:05:20Z
0.7131199883755167,2008-11-28T11:47:50Z
0.713540465924485,2008-11-28T13:05:55Z
0.7132659494030104,2008-11-28T13:12:39Z
0.7148829763306563,2008-11-28T14:22:59Z
0.7151967672936808,2008-11-29T07:49:32Z
0.7149766351189101,2008-11-29T10:47:11Z
0.7149632012385879,2008-11-30T02:37:04Z
0.7147837639041086,2008-11-30T02:54:45Z
0.7152777777777778,2008-11-30T03:48:34Z
0.7154211679103092,2008-11-30T08:12:17Z
0.7150473208356366,2008-11-30T08:21:43Z
0.7150446680319354,2008-11-30T08:42:51Z
0.7152003197418381,2008-11-30T09:08:41Z
0.7149163508642203,2008-11-30T09:27:11Z
0.714527476425552,2008-11-30T10:21:59Z
0.7147636910333036,2008-12-01T00:14:36Z
0.7140506999955836,2008-12-01T08:01:13Z
0.7140217403283459,2008-12-01T09:59:57Z
0.7139147323074214,2008-12-01T11:09:59Z
0.7141137735503933,2008-12-01T11:47:04Z
0.7139009979135531,2008-12-01T12:01:26Z
0.7136897629971654,2008-12-01T12:07:18Z
0.713859910581222,2008-12-02T00:09:59Z
0.7136170057875004,2008-12-02T00:22:43Z
0.7144223453972395,2008-12-02T01:25:45Z
0.7141161011948932,2008-12-02T09:04:13Z
0.7141031766715895,2008-12-02T09:09:05Z
0.7140900945168657,2008-12-02T09:52:41Z
0.7144899509883359,2008-12-02T14:01:31Z
0.7147571595295807,2008-12-03T00:16:41Z
0.7145844092500143,2008-12-03T00:40:29Z
0.7145174226257823,2008-12-03T01:11:09Z
0.7152171975544108,2008-12-03T01:55:37Z
0.7149354951309688,2008-12-03T02:07:37Z
0.7145963993080521,2008-12-03T02:17:31Z
0.7145025037405066,2008-12-03T02:36:19Z
0.7142598476914065,2008-12-03T02:49:13Z
0.7139436209991556,2008-12-03T03:04:07Z
0.7138023757984575,2008-12-03T03:20:21Z
0.7135814615191334,2008-12-03T03:35:49Z
0.7129205203691072,2008-12-03T09:25:24Z
0.7129367194430873,2008-12-03T10:56:57Z
0.7131644264783747,2008-12-03T14:23:50Z
0.7131644264783747,2008-12-03T23:55:30Z
0.7129144560294818,2008-12-04T00:11:38Z
0.7126138960667101,2008-12-04T00:19:38Z
0.7123035835629138,2008-12-04T00:26:56Z
0.7124181174413573,2008-12-04T00:51:30Z
0.7121037267156884,2008-12-04T01:07:14Z
0.7120737992130466,2008-12-04T03:18:30Z
0.7118145328574355,2008-12-04T03:31:46Z
0.7116974263386802,2008-12-04T03:36:28Z
0.7115828487532745,2008-12-04T03:46:12Z
0.711488225526785,2008-12-04T03:50:46Z
0.711138195317541,2008-12-04T04:00:14Z
0.7108694322877085,2008-12-04T04:12:30Z
0.710875687741418,2008-12-04T09:09:06Z
0.7105665328939688,2008-12-04T09:21:44Z
0.710297182434044,2008-12-04T09:36:50Z
0.7103517780036663,2008-12-05T00:29:03Z
0.7098964745868521,2008-12-05T06:19:29Z
0.7100560186290488,2008-12-05T08:24:13Z
0.7101197546893561,2008-12-05T13:59:22Z
0.7100373413509776,2008-12-05T14:16:58Z
0.7097843198721283,2008-12-05T14:33:48Z
0.7100347352255041,2008-12-05T15:03:06Z
0.7098045272786558,2008-12-05T15:16:26Z
0.7095837333699081,2008-12-05T15:31:16Z
0.7093882723660776,2008-12-05T15:47:40Z
0.7091892594670791,2008-12-05T16:04:36Z
0.709136807873225,2008-12-05T16:26:02Z
0.7096232799765784,2008-12-05T17:11:30Z
0.7097262940479062,2008-12-05T17:35:22Z
0.7106674824146592,2008-12-05T18:27:36Z
0.7106104224391924,2008-12-05T18:46:24Z
0.710925642363156,2008-12-05T19:17:44Z
0.7107420791663165,2008-12-05T19:42:02Z
0.7105868118572293,2008-12-05T19:57:10Z
0.7105868118572293,2008-12-05T20:00:52Z
0.7102478483751117,2008-12-05T20:12:18Z
0.710434427108466,2008-12-05T20:46:02Z
0.7103392124802316,2008-12-05T20:50:36Z
0.7103177927060125,2008-12-05T20:54:32Z
0.71008463875296,2008-12-05T21:02:20Z
0.71008463875296,2008-12-05T21:09:34Z
0.7099125803354266,2008-12-06T03:32:43Z
0.7097234522516501,2008-12-06T03:47:19Z
0.7094445223640359,2008-12-06T03:59:45Z
0.7095062559576581,2008-12-06T04:22:41Z
0.7097251452072466,2008-12-06T04:54:29Z
0.7096511817062118,2008-12-06T05:13:29Z
0.7101088646967341,2008-12-06T08:53:11Z
0.7097676202949021,2008-12-07T01:49:45Z
0.709469633733721,2008-12-07T01:57:47Z
0.7088801699478239,2008-12-07T02:14:47Z
0.7087040306481578,2008-12-07T03:57:19Z
0.7085769980506823,2008-12-07T04:30:54Z
0.7084696880905506,2008-12-07T04:45:52Z
0.7084043848964677,2008-12-07T09:21:32Z
0.7081037335798481,2008-12-07T09:34:56Z
0.7077640885013365,2008-12-07T09:43:34Z
0.7081192728226481,2008-12-07T14:14:21Z
0.7078918302399438,2008-12-07T14:20:45Z
0.7075497348240405,2008-12-07T14:30:39Z
0.7080920515749959,2008-12-07T15:11:15Z
0.7085385931917718,2008-12-08T00:18:47Z
0.7083150365447857,2008-12-08T00:25:15Z
0.7080294106174669,2008-12-08T00:39:27Z
0.7079348694077089,2008-12-08T00:56:23Z
0.7076519013167696,2008-12-09T00:59:21Z
0.7076211724383225,2008-12-09T02:51:20Z
0.7075984878566886,2008-12-09T09:45:17Z
0.7074556503036723,2008-12-09T10:41:50Z
0.7077691648457309,2008-12-09T11:13:14Z
0.7077003851878493,2008-12-09T11:33:14Z
0.7076205487205552,2008-12-09T12:03:58Z
0.7078365914482282,2008-12-10T00:13:54Z
0.7073870489024778,2008-12-11T08:53:03Z
0.7074331273669524,2008-12-11T10:34:49Z
0.7081739434215436,2008-12-11T14:28:40Z
0.7084882010220872,2008-12-11T15:02:36Z
0.7086535164440989,2008-12-12T00:30:43Z
0.7085975678068132,2008-12-12T00:53:45Z
0.7100357877939012,2008-12-12T02:17:13Z
0.7097887797363939,2008-12-12T02:28:25Z
0.709528605868264,2008-12-12T03:18:37Z
0.7093330451845483,2008-12-12T03:24:39Z
0.7090632152059637,2008-12-12T03:34:53Z
0.70882058501486,2008-12-12T03:46:29Z
0.7087130952641331,2008-12-12T06:52:50Z
0.7085785889505453,2008-12-13T00:48:24Z
0.7083752981712166,2008-12-13T01:03:10Z
0.7083569427027696,2008-12-13T02:25:14Z
0.7083569427027696,2008-12-13T02:30:24Z
0.7080317158693856,2008-12-13T06:52:07Z
0.7092573875697745,2008-12-13T08:18:07Z
0.708820597751913,2008-12-13T09:19:30Z
0.7087696355122154,2008-12-13T10:54:27Z
0.7089644824857065,2008-12-13T13:21:17Z
0.7089341534738328,2008-12-14T08:01:21Z
0.709156563331677,2008-12-14T08:30:27Z
0.7098667970256295,2008-12-14T14:34:29Z
0.7099476899950297,2008-12-15T00:16:11Z
0.709655187038765,2008-12-15T00:23:59Z
0.7097075652580884,2008-12-15T01:04:19Z
0.7096294620980813,2008-12-15T02:15:30Z
0.7091131153984588,2008-12-15T08:32:09Z
0.7089716260310592,2008-12-15T10:13:18Z
0.7094426090855513,2008-12-15T14:52:10Z
0.7091427192368401,2008-12-15T15:00:28Z
0.7090001123048703,2008-12-15T15:18:48Z
0.7089231155756349,2008-12-16T00:10:50Z
0.7089188748629769,2008-12-16T00:17:24Z
0.7088552702607728,2009-01-01T02:37:34Z
0.7091035213211108,2009-01-01T03:12:36Z
0.7093929721968023,2009-01-01T06:16:48Z
0.7092727545671144,2009-01-02T02:08:09Z
0.7099103121774949,2009-01-02T03:14:38Z
0.709775237128371,2009-01-02T05:37:14Z
0.7104587787067415,2009-01-02T06:30:46Z
0.7104544774082195,2009-01-02T06:52:30Z
0.7102001473009018,2009-01-02T07:00:38Z
0.7104278583661461,2009-01-02T07:30:34Z
0.710396662763466,2009-01-02T11:13:05Z
0.7106250803182355,2009-01-02T11:42:33Z
0.7105927062309694,2009-01-02T12:35:14Z
0.7107019760360507,2009-01-02T13:00:08Z
0.7106838985736004,2009-01-03T11:51:57Z
0.7104969663877505,2009-01-03T12:12:01Z
0.7104928393225892,2009-01-03T12:24:53Z
0.7101999401950339,2009-01-03T12:40:41Z
0.7100632815943946,2009-01-03T13:02:13Z
0.7097747128835707,2009-01-03T13:14:05Z
0.7099607920270855,2009-01-05T09:17:10Z
0.7100937798159046,2009-01-05T13:00:25Z
0.7098810215788115,2009-01-07T08:57:22Z
0.7100797462397223,2009-01-08T00:24:39Z
0.7097741289051992,2009-01-08T00:35:11Z
0.7099709030671641,2009-01-08T01:06:19Z
0.710288830631825,2009-01-08T01:51:01Z
0.7099913417435295,2009-01-08T02:01:59Z
0.7099264900312021,2009-01-08T02:31:17Z
0.7097474419302091,2009-01-08T02:48:39Z
0.7096242212587968,2009-01-08T03:06:43Z
0.7093819813834527,2009-01-08T03:30:15Z
0.7095604816164284,2009-01-08T09:28:28Z
0.7095691801965233,2009-01-09T00:08:39Z
0.7095591003299965,2009-01-09T00:12:25Z
0.7095957984254023,2009-01-09T00:35:09Z
0.7096548886648691,2009-01-09T06:32:55Z
0.7096625730061229,2009-01-09T07:04:59Z
0.7093801813243024,2009-01-09T07:16:27Z
0.709764890635026,2009-01-09T08:15:42Z
0.7101120788622016,2009-01-09T09:11:36Z
0.7101880754767735,2009-01-09T10:41:16Z
0.7102775897467455,2009-01-09T14:24:24Z
0.7102756029951861,2009-01-09T14:28:32Z
0.7104375741503245,2009-01-11T06:15:55Z
0.7104355909397978,2009-01-11T06:19:07Z
0.7110718318712556,2009-01-12T09:29:04Z
0.7112773879123365,2009-01-13T00:09:54Z
0.7110188782892045,2009-01-13T00:17:48Z
0.7107605565054365,2009-01-13T00:25:54Z
0.7106285102672066,2009-01-13T00:35:00Z
0.7105326844702957,2009-01-13T07:21:03Z
0.7105261340834739,2009-01-13T08:39:06Z
0.7106353238926391,2009-01-13T10:28:25Z
0.7103513560809721,2009-01-13T10:37:47Z
0.7107844282171586,2009-01-13T11:54:37Z
0.7106145496951358,2009-01-13T12:01:35Z
0.7105813645247733,2009-01-13T12:06:21Z
0.7103062422341061,2009-01-14T08:40:35Z
0.710278415983657,2009-01-14T09:22:22Z
0.710156008502094,2009-01-14T10:44:13Z
0.7099258032062639,2009-01-14T10:55:35Z
0.7098675829793283,2009-01-15T02:00:04Z
0.7088402458174626,2009-01-15T03:19:06Z
0.7088383200345578,2009-01-16T01:18:07Z
0.7081338097591673,2009-01-16T02:47:33Z
0.7080802625005064,2009-01-16T02:51:53Z
0.7080726135531976,2009-01-16T03:02:07Z
0.7079163500557774,2009-01-16T08:03:36Z
0.7079125350291011,2009-01-16T09:52:03Z
0.7077123369926679,2009-01-16T10:04:17Z
0.7076948933767176,2009-01-16T13:11:52Z
0.7074837155661177,2009-01-16T13:19:28Z
0.7075341289141557,2009-01-16T13:46:26Z
0.7075083503557278,2009-01-18T02:36:53Z
0.7071234065113141,2009-01-18T08:02:53Z
0.7071311113784944,2009-01-18T09:42:54Z
0.7070290256089443,2009-01-18T09:49:58Z
0.7068986255673344,2009-01-18T09:56:56Z
0.7068322898450119,2009-01-18T14:29:13Z
0.706959916848782,2009-01-19T05:31:35Z
0.7071268214052018,2009-02-16T03:16:05Z
0.7068852049261516,2009-02-16T03:23:24Z
0.7067235927217238,2009-02-16T03:41:28Z
0.7063250073339767,2009-02-16T08:47:55Z
0.7061335264693125,2009-02-16T10:33:25Z
0.7060802350955341,2009-02-16T10:53:47Z
0.7059110893991206,2009-02-16T11:07:27Z
0.7059246587114191,2009-02-17T03:40:56Z
0.7060844780491667,2009-02-17T07:57:26Z
0.7061395823149884,2009-02-17T09:10:48Z
0.7061209755300634,2009-02-17T09:15:06Z
0.7062520631321733,2009-02-17T10:02:00Z
0.7063101983467819,2009-02-17T10:40:28Z
0.7071554678032678,2009-02-18T00:53:09Z
0.7073575675119177,2009-02-18T07:10:58Z
0.7071392054656594,2009-02-18T08:18:02Z
0.7071634093905679,2009-02-18T09:49:24Z
0.7071898239610641,2009-02-19T08:59:19Z
0.707229816110326,2009-02-20T00:04:43Z
0.7072279840060308,2009-02-20T00:11:07Z
0.7072236813038463,2009-02-20T07:10:57Z
0.7071697801566789,2009-02-20T09:46:05Z
0.707228077408715,2009-02-20T11:12:21Z
0.7072315852048576,2009-02-20T23:39:37Z
0.7070581609745185,2009-02-21T00:18:36Z
0.7072921298924654,2009-02-21T01:27:59Z
0.7071171073104826,2009-02-21T09:35:40Z
0.7070420589262482,2009-02-21T09:52:40Z
0.7067948080245201,2009-02-21T10:09:28Z
0.7071981942345582,2009-02-21T11:04:31Z
0.707030816929623,2009-02-21T11:17:59Z
0.7070867344017406,2009-02-22T04:29:08Z
0.7070867344017406,2009-02-22T04:32:20Z
0.7069697914215016,2009-02-22T08:02:44Z
0.7068331184953297,2009-02-22T08:29:18Z
0.7067366676858937,2009-02-22T10:10:13Z
0.706494649622233,2009-02-22T10:19:13Z
0.7064120448679694,2009-02-22T10:36:57Z
0.7069305479941743,2009-02-22T11:24:23Z
0.7069198326093464,2009-02-22T11:34:43Z
0.7068741239065787,2009-02-22T11:54:21Z
0.7072763764714765,2009-02-22T12:33:29Z
0.7070468316994841,2009-02-22T12:41:03Z
0.7067852683438393,2009-02-22T12:51:31Z
0.7067497205481656,2009-02-22T12:55:49Z
0.7069458614592471,2009-02-23T00:19:25Z
0.7072384071798108,2009-02-23T10:27:55Z
0.706875833861628,2009-02-24T07:28:42Z
0.7069550789467441,2009-02-24T08:55:50Z
0.7067343146956026,2009-02-24T09:05:54Z
0.706837420504164,2009-02-24T10:49:22Z
0.7067511363169257,2009-02-24T10:54:08Z
0.7069847863891696,2009-02-25T00:08:23Z
0.7068705778906018,2009-02-25T09:10:24Z
0.7068627827965899,2009-02-25T09:56:42Z
0.7066136657545252,2009-02-25T10:06:24Z
0.7067608963370485,2009-02-25T14:34:23Z
0.7070610651673794,2009-02-26T00:08:20Z
0.707098234874848,2009-02-26T14:23:21Z
0.7073108296371414,2009-02-27T00:18:58Z
0.7071470561468323,2009-02-27T06:38:28Z
0.7070396783658784,2009-02-27T09:11:08Z
0.7067356317324405,2009-03-01T03:17:57Z
0.7066316586869066,2009-03-01T04:38:26Z
0.706599832506477,2009-03-01T07:38:28Z
0.7064268472411953,2009-03-01T07:45:12Z
0.7061830818741358,2009-03-01T07:53:34Z
0.7061830818741358,2009-03-01T07:57:26Z
0.7061209322338456,2009-03-01T12:48:31Z
0.7064610852047685,2009-03-02T00:14:49Z
0.7066582929863124,2009-03-02T10:23:07Z
0.7064660761507641,2009-03-02T12:20:46Z
0.7064036463807776,2009-03-02T12:39:29Z
0.706083516376831,2009-03-03T06:38:48Z
0.7060861175820367,2009-03-03T08:05:14Z
0.7061335347344265,2009-03-03T10:30:37Z
0.706378846367541,2009-03-03T14:32:54Z
0.7066885509043517,2009-03-04T00:16:04Z
0.7068449284061943,2009-03-04T12:26:09Z
0.7070412118126762,2009-03-05T00:06:54Z
0.7070378161350124,2009-03-05T00:10:30Z
0.7067109546907133,2009-03-05T08:39:46Z
0.7068314296283615,2009-03-05T10:15:26Z
0.7069795290571702,2009-03-05T14:51:10Z
0.7072961342686159,2009-03-06T00:14:13Z
0.7072149180017369,2009-03-06T07:26:46Z
0.7071809004326531,2009-03-06T09:43:32Z
0.7071661013242562,2009-03-07T00:58:26Z
0.7071871595303031,2009-03-07T02:37:42Z
0.7070560568668446,2009-03-07T02:56:00Z
0.7074295989164059,2009-03-07T03:39:30Z
0.7074095147741966,2009-03-07T03:43:38Z
0.7078150311659719,2009-03-07T07:26:38Z
0.7077417598155529,2009-03-08T07:02:39Z
0.7078103905489531,2009-03-08T08:29:50Z
0.707693774205962,2009-03-08T12:02:24Z
0.7078207334911618,2009-03-08T12:28:46Z
0.7078842302489479,2009-03-09T00:11:34Z
0.7078842302489479,2009-03-09T00:14:36Z
0.7076534232517226,2009-03-09T00:27:50Z
0.7073417033445291,2009-03-09T08:34:22Z
0.7076471530213753,2009-03-09T10:20:33Z
0.707696240534802,2009-03-10T10:36:23Z
0.7077547328383975,2009-03-10T11:18:28Z
0.7078185037184133,2009-03-10T13:29:27Z
0.7079106137719505,2009-03-11T00:16:06Z
0.7080660466001127,2009-03-11T06:23:59Z
0.70801610312676,2009-03-11T08:42:59Z
0.7080200051621744,2009-03-11T10:55:48Z
0.7083943818084204,2009-03-11T14:53:13Z
0.7081883312730055,2009-03-11T15:00:47Z
0.7081687136639231,2009-03-11T15:04:35Z
0.7080232503124391,2009-03-11T15:13:51Z
0.70797423118774,2009-03-11T15:20:07Z
0.7080538730004735,2009-03-12T00:20:28Z
0.7080522413425587,2009-03-12T00:24:58Z
0.7081158699914395,2009-03-12T15:01:15Z
0.70839542856618,2009-03-13T00:25:31Z
0.7081702058304667,2009-03-13T00:33:36Z
0.7079521689556583,2009-03-13T07:05:52Z
0.7080606905894347,2009-03-13T07:36:00Z
0.7082861811716422,2009-03-13T09:25:46Z
0.7085807284998094,2009-03-13T11:26:09Z
0.7082721894163716,2009-03-13T11:48:49Z
0.7086214150202022,2009-03-14T04:16:49Z
0.7087581216891982,2009-03-14T04:44:51Z
0.7085575750990625,2009-03-14T04:53:11Z
0.7087346062591797,2009-03-14T05:31:20Z
0.7091298203382267,2009-03-14T06:15:22Z
0.7091298203382267,2009-03-14T06:36:26Z
0.7093962977124991,2009-03-14T07:36:02Z
0.7092086893770275,2009-03-14T07:47:10Z
0.7089618326608265,2009-03-15T07:05:45Z
0.7091461344632908,2009-03-15T08:51:36Z
0.7092536885993223,2009-03-15T15:06:11Z
0.7092820064758185,2009-03-16T00:10:12Z
0.7093987822590901,2009-03-16T11:06:46Z
0.7094601820782589,2009-03-16T23:50:26Z
0.7094202293708162,2009-03-17T07:15:43Z
0.7093703407629113,2009-03-17T08:35:01Z
0.7093205494606803,2009-03-17T10:33:42Z
0.7091598603006091,2009-03-17T10:41:08Z
0.7091247329338342,2009-03-17T11:06:33Z
0.709071245549233,2009-03-17T11:11:01Z
0.7089670353055402,2009-03-17T11:32:05Z
0.7087329480486096,2009-03-17T11:43:27Z
0.7085077774381194,2009-03-17T12:05:33Z
0.7086008852160949,2009-03-17T12:31:41Z
0.7086049039578979,2009-03-18T01:21:21Z
0.7083881782363646,2009-03-18T01:30:45Z
0.7081593814783498,2009-03-18T01:44:19Z
0.7079623266888664,2009-03-18T01:56:59Z
0.7078076945139413,2009-03-18T02:04:15Z
0.7076438148955827,2009-03-18T02:18:33Z
0.7074137098747335,2009-03-18T02:31:41Z
0.7073154874199975,2009-03-18T02:36:55Z
0.7076794030087025,2009-03-18T03:20:15Z
0.7074570146885255,2009-03-18T03:32:01Z
0.7075323027758329,2009-03-18T14:41:52Z
0.7075260911076238,2009-03-18T14:46:38Z
0.7072187530148484,2009-03-19T08:36:27Z
0.7071724754284012,2009-03-19T10:06:04Z
0.7071707154305219,2009-03-19T13:52:33Z
0.7071919978670304,2009-03-20T00:08:32Z
0.7071657251499689,2009-03-20T00:12:30Z
0.7070293561391938,2009-03-20T06:46:20Z
0.7068899665639432,2009-03-20T09:02:24Z
0.7072239413095598,2009-03-20T11:33:20Z
0.7069993883099723,2009-03-20T11:42:16Z
0.7070567518506038,2009-03-20T12:05:58Z
0.7068385467490497,2009-03-20T12:15:20Z
0.7068387609386092,2009-03-20T12:35:34Z
0.7067302269078919,2009-03-20T12:51:52Z
0.7069496380757713,2009-03-20T13:23:30Z
0.7067689757263063,2009-03-20T13:34:26Z
0.7066995195322467,2009-03-20T13:51:10Z
0.7064734314136624,2009-03-20T14:12:06Z
0.7065412147692732,2009-03-21T01:45:41Z
0.7065009343738509,2009-03-21T07:07:52Z
0.7063443138488995,2009-03-21T08:33:11Z
0.7062331189502841,2009-03-21T08:47:38Z
0.706573642677853,2009-03-21T11:49:34Z
0.7074443842955843,2009-03-22T09:18:35Z
0.708008907072386,2009-03-22T11:23:39Z
0.707852378437319,2009-03-22T12:05:30Z
0.7081659390038262,2009-03-23T00:28:01Z
0.7086602518219505,2009-03-23T02:41:15Z
0.7087747524621818,2009-03-23T03:11:57Z
0.7091272945087591,2009-03-23T04:02:10Z
0.7088416702159545,2009-03-23T09:01:33Z
0.7089155578800778,2009-03-23T10:35:06Z
0.7088854358256592,2009-03-24T10:21:37Z
0.7087824179695363,2009-03-24T10:56:16Z
0.7086427388414851,2009-03-24T11:02:32Z
0.7086427388414851,2009-03-24T11:07:58Z
0.708638281903508,2009-03-24T11:11:22Z
0.7086889995018232,2009-03-25T01:24:02Z
0.708377035071887,2009-03-25T09:22:02Z
0.7083174454597594,2009-03-25T10:47:41Z
0.7083495502226193,2009-03-25T12:29:18Z
0.7083493591246948,2009-03-26T00:20:07Z
0.7083488647651335,2009-03-26T14:38:40Z
0.7082036030336077,2009-03-26T15:41:10Z
0.7083363638441701,2009-03-26T16:10:08Z
0.7089361622790663,2009-03-26T17:04:22Z
0.7088931800119214,2009-03-26T17:23:28Z
0.7097391634181487,2009-03-26T18:32:16Z
0.7095365270127413,2009-03-26T18:41:14Z
0.709335236718021,2009-03-26T18:51:48Z
0.7100904495385165,2009-03-26T19:54:44Z
0.7104321703124552,2009-03-26T20:36:02Z
0.7106162668274882,2009-03-26T21:08:44Z
0.7105918322331873,2009-03-26T21:27:52Z
0.7103756576919072,2009-03-26T21:44:34Z
0.7102711161710757,2009-03-26T22:00:22Z
0.7105797871582347,2009-03-26T22:38:40Z
0.7114124923950517,2009-03-26T23:47:02Z
0.711207857765524,2009-03-26T23:59:50Z
0.7109975072452019,2009-03-27T00:16:54Z
0.7114187235935068,2009-03-27T01:01:24Z
0.7114463335868177,2009-03-27T01:41:52Z
0.7117661562614791,2009-03-27T02:36:00Z
0.7115675782259955,2009-03-27T02:51:38Z
0.7118883632030629,2009-03-27T06:10:52Z
0.7118443645641935,2009-03-27T07:16:13Z
0.7118827274894763,2009-03-27T09:29:08Z
0.7120509437944006,2009-03-27T10:13:13Z
0.7119263615791199,2009-03-27T12:00:07Z
0.7117452051619194,2009-03-28T01:03:27Z
0.7118266643940141,2009-03-28T02:07:59Z
0.7123756821517983,2009-03-28T06:36:23Z
0.7123725331927487,2009-03-28T07:01:32Z
0.7123768076558022,2009-03-29T04:58:14Z
0.7123217897379032,2009-03-29T10:15:08Z
0.7123046022354366,2009-03-29T11:45:27Z
0.7123578597467108,2009-03-29T12:29:49Z
0.7124317182704727,2009-03-30T00:03:10Z
0.712494896359107,2009-03-31T06:59:34Z
0.7124664384067788,2009-03-31T08:09:52Z
0.7125062370277204,2009-03-31T10:23:43Z
0.712463975032522,2009-03-31T11:04:41Z
0.7125302347780229,2009-03-31T14:38:40Z
0.7125013000111851,2009-04-01T00:13:02Z
0.7123475391439631,2009-04-01T00:20:42Z
0.7124360427469071,2009-04-01T11:39:40Z
0.7125167175571773,2009-04-02T00:15:15Z
0.7120093815207086,2009-04-02T07:14:00Z
0.7121629551631955,2009-04-02T08:18:09Z
0.7119883481883554,2009-04-02T08:29:45Z
0.7118119885045734,2009-04-02T08:43:09Z
0.7116777142612665,2009-04-02T08:52:11Z
0.7116467626940649,2009-04-02T14:31:29Z
0.7116592459172939,2009-04-03T00:20:38Z
0.712352683152112,2009-04-03T02:41:44Z
0.7122902169463774,2009-04-03T03:14:11Z
0.7129859109398993,2009-04-03T04:26:57Z
0.7129728773743591,2009-04-03T06:54:49Z
0.7129207986452172,2009-04-05T11:43:45Z
0.7127865254483221,2009-04-05T11:59:03Z
0.7128668687151749,2009-04-06T04:38:44Z
0.7127206697694406,2009-04-06T06:39:09Z
0.7125817795537693,2009-04-06T07:31:51Z
0.7127738588615894,2009-04-06T08:06:01Z
0.7125978902404483,2009-04-06T08:14:37Z
0.7125995843601651,2009-04-06T08:37:43Z
0.7124249645964763,2009-04-06T08:47:59Z
0.7123312656129441,2009-04-07T08:29:16Z
0.7125087472757122,2009-04-07T09:14:52Z
0.7125691083851825,2009-04-08T00:21:27Z
0.7127615480411822,2009-04-08T00:56:15Z
0.7127222501064672,2009-04-08T14:28:02Z
0.7127712705755456,2009-04-08T14:52:44Z
0.7127787726793289,2009-04-09T00:28:14Z
0.7125760029737408,2009-04-09T00:36:20Z
0.7125826045440078,2009-04-09T01:01:06Z
0.7126329763327438,2009-04-09T09:24:32Z
0.7126340734410994,2009-04-10T00:11:21Z
0.7124564985887731,2009-04-10T04:13:35Z
0.7125999296140757,2009-04-10T07:51:18Z
0.7124666288830024,2009-04-10T10:40:42Z
0.712287095448358,2009-04-10T11:06:29Z
0.7121567866315672,2009-04-10T11:19:15Z
0.7121288142294351,2009-04-10T11:44:24Z
0.7119880660508322,2009-04-10T11:51:00Z
0.7121884210892261,2009-04-10T12:25:26Z
0.7121526614075949,2009-04-10T12:52:10Z
0.7121526614075949,2009-04-10T12:56:04Z
0.7124196173490661,2009-04-10T13:33:16Z
0.7125167151237598,2009-04-11T11:09:29Z
0.712523289000487,2009-04-11T11:30:25Z
0.7130129924079778,2009-04-12T01:24:21Z
0.7129160446388576,2009-04-12T01:30:11Z
0.7138401671537037,2009-04-12T02:51:25Z
0.7136936460925949,2009-04-12T03:07:57Z
0.7134994778060626,2009-04-12T03:18:29Z
0.7135087295393465,2009-04-12T03:54:36Z
0.7134662880294523,2009-04-12T04:24:11Z
0.7134662880294523,2009-04-12T04:58:01Z
0.713725812438025,2009-04-12T07:13:17Z
0.71365187209489,2009-04-12T07:31:57Z
0.7135648322306064,2009-04-12T07:48:47Z
0.7142840079238196,2009-04-12T08:56:59Z
0.7144129860740284,2009-04-12T11:30:35Z
0.7143199025124679,2009-04-14T05:57:02Z
0.7144760164358278,2009-04-14T06:36:36Z
0.7144690433853607,2009-04-15T00:16:33Z
0.7144740857976757,2009-04-15T14:36:43Z
0.714493453476919,2009-04-16T00:09:49Z
0.7145083555616351,2009-04-16T08:43:03Z
0.7145897905074872,2009-04-17T00:06:49Z
0.7145559480906492,2009-04-17T00:11:41Z
0.7145702335644625,2009-04-17T05:25:00Z
0.7148923497649791,2009-04-18T00:16:13Z
0.7148624932701553,2009-04-18T00:23:03Z
0.7142716550540422,2009-04-18T02:11:58Z
0.7142654825746334,2009-04-18T02:32:22Z
0.7151071107984182,2009-04-18T03:55:34Z
0.7152888235784896,2009-04-18T04:29:12Z
0.7156080262636048,2009-04-18T05:11:28Z
0.7156551063607169,2009-04-18T05:46:54Z
0.7156726198399602,2009-04-18T06:09:00Z
0.7155530117480452,2009-04-18T06:28:10Z
0.7153740891794113,2009-04-18T06:39:50Z
0.715810514965798,2009-04-18T09:28:14Z
0.7157382827471866,2009-04-18T12:10:34Z
0.7157836844660151,2009-04-18T12:34:12Z
0.7157391037755436,2009-04-18T12:52:38Z
0.7156795317197204,2009-04-18T13:14:14Z
0.7156524071058449,2009-04-19T04:16:44Z
0.715648636309955,2009-04-19T09:09:42Z
0.7156588931602182,2009-04-20T00:05:44Z
0.7157176428372916,2009-04-21T04:04:29Z
0.7157732630768879,2009-04-22T00:37:52Z
0.7158058152229239,2009-04-22T10:55:20Z
0.7158058152229239,2009-04-22T13:03:28Z
0.7158298294647585,2009-04-22T13:30:38Z
0.7158438405403607,2009-04-22T13:53:16Z
0.715742914515505,2009-04-22T14:19:28Z
0.7158568781033638,2009-04-23T00:06:42Z
0.7158752892886774,2009-04-23T09:57:25Z
0.7158629246738379,2009-04-24T10:47:21Z
0.7158971453475703,2009-04-24T13:23:21Z
0.7163187295299156,2009-04-25T06:14:14Z
0.716153287663619,2009-04-25T06:25:40Z
0.7160861228728929,2009-04-25T06:36:32Z
0.7160799045480359,2009-04-25T06:42:50Z
0.7159481014702384,2009-04-25T08:41:24Z
0.7160544675419718,2009-04-25T11:57:41Z
0.7159241047123324,2009-04-25T12:04:41Z
0.7163403877327416,2009-04-25T13:20:46Z
0.7164415846898805,2009-04-27T00:14:34Z
0.7164371880396929,2009-04-27T08:53:42Z
0.71644647811739,2009-04-28T00:13:45Z
0.7163983955378047,2009-04-28T06:05:18Z
0.716531541288883,2009-04-28T06:54:08Z
0.7166506997953493,2009-04-29T00:14:17Z
0.716651000195545,2009-04-29T09:43:14Z
0.7166585836913548,2009-04-30T00:11:45Z
0.716850370258839,2009-04-30T05:54:48Z
0.7167914250150462,2009-04-30T09:01:10Z
0.71655569524252,2009-04-30T09:59:41Z
0.7165464053001471,2009-04-30T12:10:35Z
0.7164486510550545,2009-05-01T05:21:22Z
0.7169806350743922,2009-05-01T06:37:18Z
0.7175056151428104,2009-05-01T11:38:14Z
0.7175044002495803,2009-05-02T10:55:25Z
0.7173683582372544,2009-05-02T11:02:53Z
0.7174635863541717,2009-05-02T11:31:45Z
0.7174369011426597,2009-05-02T11:54:55Z
0.7175926082130216,2009-05-02T12:54:30Z
0.7175196916768947,2009-05-03T05:49:11Z
0.7175182592407929,2009-05-03T06:10:59Z
0.7173834164394333,2009-05-03T06:25:54Z
0.7172288411280243,2009-05-03T06:33:52Z
0.7172733181260579,2009-05-03T07:04:02Z
0.7172626073310656,2009-05-03T07:34:18Z
0.7170828353614751,2009-05-03T07:42:52Z
0.7171176386686468,2009-05-03T08:33:57Z
0.7171002056407432,2009-05-04T00:17:26Z
0.7170801946335877,2009-05-04T09:37:38Z
0.7170644787906534,2009-05-05T01:09:09Z
0.7169900959623544,2009-05-05T05:15:06Z
0.7171534187905696,2009-05-05T05:53:39Z
0.7172155628674973,2009-05-06T00:21:02Z
0.7170450697506059,2009-05-06T00:30:40Z
0.7168822267950467,2009-05-06T08:22:39Z
0.7168540093443617,2009-05-06T09:20:40Z
0.7168552999473098,2009-05-07T00:20:19Z
0.716876131488413,2009-05-07T10:03:36Z
0.7169928533758559,2009-05-08T11:19:00Z
0.7170811139932692,2009-05-09T10:12:01Z
0.7174128999038062,2009-05-10T14:12:10Z
0.717375587320495,2009-05-11T00:24:01Z
0.7172850488692526,2009-05-11T02:55:24Z
0.7172174513998882,2009-05-11T03:08:04Z
0.7172340601255368,2009-05-11T10:11:56Z
0.7172207716759476,2009-05-12T00:00:19Z
0.7171571311702535,2009-05-12T00:57:17Z
0.7171122245479867,2009-05-12T01:21:39Z
0.7170137830718772,2009-05-12T04:26:37Z
0.7171492259858193,2009-05-12T05:01:19Z
0.7171476848176438,2009-05-13T00:08:09Z
0.717170763427847,2009-05-13T11:25:25Z
0.7172633740468782,2009-05-14T00:26:25Z
0.7172529354407873,2009-05-14T04:15:00Z
0.7174262010734389,2009-05-14T09:50:32Z
0.7172880762637563,2009-05-15T06:44:18Z
0.7177076397864202,2009-05-15T14:12:05Z
0.7176890603522355,2009-05-16T01:23:20Z
0.7176921284869693,2009-05-16T04:43:24Z
0.7177608860508183,2009-05-17T02:12:04Z
0.7176160450808338,2009-05-17T04:31:23Z
0.7175539818635245,2009-05-17T04:50:47Z
0.7175333008447043,2009-05-17T06:29:46Z
0.7174094479111358,2009-05-17T07:03:40Z
0.7177104249419414,2009-05-17T15:17:23Z
0.7176005118735219,2009-05-18T00:53:16Z
0.7174641702276492,2009-05-18T02:51:21Z
0.717516313015797,2009-05-18T04:30:48Z
0.717505582039208,2009-05-18T10:10:48Z
0.7175005712597023,2009-05-19T00:20:55Z
0.7175279287360458,2009-05-19T03:40:40Z
0.7175902833903702,2009-05-19T04:10:23Z
0.7182057288654096,2009-05-19T05:34:25Z
0.7189261850282056,2009-05-19T07:43:39Z
0.7187869211484338,2009-05-19T07:57:09Z
0.7187664965687137,2009-05-19T14:43:39Z
0.7186363679973904,2009-05-19T14:56:09Z
0.7187129388933479,2009-05-20T00:32:01Z
0.7187579282954982,2009-05-20T06:15:40Z
0.7187940860000797,2009-05-20T08:42:32Z
0.7187934513750742,2009-05-20T10:05:07Z
0.7189650017335323,2009-05-20T10:53:01Z
0.7188643931418975,2009-05-21T07:20:49Z
0.7189655062878997,2009-05-21T09:02:57Z
0.71880676405208,2009-05-21T10:31:06Z
0.7187481156835427,2009-05-21T10:53:42Z
0.7190130359716789,2009-05-22T00:35:29Z
0.7189242138205407,2009-05-24T11:42:05Z
0.7192140614675447,2009-05-24T12:25:47Z
0.7195364562298061,2009-05-25T09:48:09Z
0.7196262492239133,2009-05-25T11:13:05Z
0.719537490865106,2009-05-25T11:27:59Z
0.7196513879516329,2009-05-25T11:59:19Z
0.7194842713292036,2009-05-25T12:09:43Z
0.7196192034778348,2009-05-25T12:47:33Z
0.7196988237213578,2009-05-25T13:24:57Z
0.7196438314070525,2009-05-25T13:44:27Z
0.719635369674603,2009-05-26T02:03:49Z
0.7199652344523135,2009-05-26T02:51:59Z
0.7199969050240994,2009-05-26T04:44:15Z
0.7200250177052581,2009-05-26T05:09:57Z
0.7201131209014732,2009-05-26T11:11:39Z
0.7201334338008919,2009-05-26T12:26:29Z
0.7204694742948593,2009-05-27T00:16:40Z
0.720484844529494,2009-05-27T04:49:58Z
0.7203456243568086,2009-05-27T05:13:28Z
0.7203445053967801,2009-05-27T23:32:06Z
0.720495743028953,2009-05-28T00:04:58Z
0.7204929488979308,2009-05-28T03:58:38Z
0.7209187337117672,2009-05-28T04:53:14Z
0.7209836749837677,2009-05-29T00:07:30Z
0.7211832476410835,2009-05-29T05:42:44Z
0.7212296860326873,2009-05-30T11:18:00Z
0.7212476909874947,2009-05-30T13:27:02Z
0.7214641687047206,2009-05-31T00:26:16Z
0.7217064500525924,2009-05-31T03:16:13Z
0.7216372626655126,2009-05-31T09:57:57Z
0.7215416756784119,2009-05-31T14:46:53Z
0.7214021857303428,2009-06-01T10:48:09Z
0.7213081701991954,2009-06-01T10:54:53Z
0.7212089865600049,2009-06-01T14:26:47Z
0.721108614301054,2009-06-02T11:16:04Z
0.7210672703949644,2009-06-02T14:53:40Z
0.7210916865610696,2009-06-03T12:55:25Z
0.7211499312116001,2009-06-03T13:52:30Z
0.7210643773940436,2009-06-04T10:23:13Z
0.7209865765820075,2009-06-04T13:59:19Z
0.7211623747857739,2009-06-05T03:36:31Z
0.7209989686052575,2009-06-05T04:23:21Z
0.7213940965827318,2009-06-05T05:24:09Z
0.7212670184812754,2009-06-06T12:01:31Z
0.7211309316000862,2009-06-06T12:35:52Z
0.7211297106032272,2009-06-07T02:23:19Z
0.7209919282810408,2009-06-07T04:16:32Z
0.7208995561350775,2009-06-07T04:54:09Z
0.7208488328926534,2009-06-07T05:15:28Z
0.7211484365075044,2009-06-07T07:41:09Z
0.7210175826967393,2009-06-07T07:49:09Z
0.721062816381838,2009-06-07T08:20:41Z
0.7211874878358989,2009-06-07T08:54:43Z
0.7211863997634321,2009-06-07T23:54:55Z
0.7210947443344613,2009-06-08T00:16:15Z
0.7211397803780486,2009-06-08T00:43:19Z
0.721354997081952,2009-06-08T01:23:35Z
0.7213479444884403,2009-06-08T02:00:23Z
0.7213750352211891,2009-06-08T02:24:36Z
0.7212135462483088,2009-06-08T02:33:18Z
0.720883221544822,2009-06-08T10:35:00Z
0.7207958297288964,2009-06-08T11:58:59Z
0.7205380824656891,2009-06-08T13:10:54Z
0.7205122791363235,2009-06-09T00:14:22Z
0.7205861419550437,2009-06-09T00:52:23Z
0.7207858166055848,2009-06-09T06:32:23Z
0.7208440506103272,2009-06-09T07:36:08Z
0.720702608209632,2009-06-09T07:44:20Z
0.7208520537187537,2009-06-09T08:28:15Z
0.7207397088869412,2009-06-09T11:39:28Z
0.7210161850866252,2009-06-09T12:43:06Z
0.7208625075209644,2009-06-09T13:06:11Z
0.7211877019665774,2009-06-09T13:55:15Z
0.7212506557796787,2009-06-10T00:32:07Z
0.7213023879815861,2009-06-10T13:04:42Z
0.7213244668275679,2009-06-11T00:25:19Z
0.7213419960248165,2009-06-11T09:11:44Z
0.7213344990444649,2009-06-12T00:27:25Z
0.721248583778204,2009-06-12T00:34:02Z
0.7211863093520055,2009-06-12T06:54:21Z
0.7211187751725515,2009-06-12T10:22:30Z
0.7211077851997515,2009-06-12T11:06:48Z
0.7212357452469506,2009-06-12T11:38:42Z
0.7213211802430325,2009-06-12T12:42:45Z
0.7213385994876175,2009-06-13T08:23:26Z
0.7212806535527431,2009-06-13T11:00:34Z
0.7214430875769395,2009-06-13T11:36:05Z
0.7213830102758019,2009-06-13T12:12:49Z
0.7212411012420192,2009-06-14T04:53:04Z
0.7213655770955161,2009-06-14T06:56:17Z
0.7213655770955161,2009-06-14T07:00:53Z
0.7214213113884653,2009-06-14T09:49:37Z
0.7214813836331002,2009-06-14T10:15:45Z
0.7214221621280494,2009-06-14T12:38:22Z
0.7214980833749991,2009-06-15T00:32:11Z
0.7217087746715286,2009-06-15T06:40:29Z
0.7218427000716813,2009-06-15T07:25:09Z
0.7218654880239348,2009-06-15T09:25:56Z
0.721868575014969,2009-06-16T00:35:06Z
0.721859627572764,2009-06-16T07:32:48Z
0.7219336171536547,2009-06-17T00:31:13Z
0.7219294395314197,2009-06-17T09:19:06Z
0.7219272676549722,2009-06-18T00:24:53Z
0.722081243788811,2009-06-18T14:09:24Z
0.7220953107982648,2009-06-19T00:35:32Z
0.7222710208058692,2009-06-19T01:14:58Z
0.7223852613575781,2009-06-19T05:57:39Z
0.7223811258294732,2009-06-19T06:01:07Z
0.7222868767386085,2009-06-19T09:23:40Z
0.7221672826807445,2009-06-19T09:34:42Z
0.7231449405077158,2009-06-19T12:01:58Z
0.7232999059299622,2009-06-19T14:50:35Z
0.7232947616422729,2009-06-20T03:49:12Z
0.7233696349311753,2009-06-20T13:07:24Z
0.723340927854412,2009-06-21T01:53:31Z
0.7236157460455693,2009-06-21T03:04:37Z
0.7235666448728596,2009-06-21T06:33:28Z
0.7237560442988613,2009-06-21T07:23:18Z
0.723613750337817,2009-06-21T07:32:34Z
0.7237264518966403,2009-06-22T00:09:13Z
0.723832862601761,2009-06-22T06:50:18Z
0.7240496328426421,2009-06-22T08:25:08Z
0.7240591000426317,2009-06-22T13:12:24Z
0.7241113403219243,2009-06-23T00:23:40Z
0.724454568626737,2009-06-23T04:32:12Z
0.7245033881680666,2009-06-23T10:05:27Z
0.7245033881680666,2009-06-23T10:09:04Z
0.7245351730693955,2009-06-23T12:43:05Z
0.7245682487825624,2009-06-24T00:10:34Z
0.7246129876509099,2009-06-24T11:10:36Z
0.7245889134401581,2009-06-25T00:14:09Z
0.7246634834728157,2009-06-25T07:30:07Z
0.7246564169288539,2009-06-25T07:33:33Z
0.7246554074338241,2009-06-25T07:36:37Z
0.7246842380339629,2009-06-25T08:38:50Z
0.7246929187736778,2009-06-25T09:24:48Z
0.7247694759319953,2009-06-26T00:29:25Z
0.7248263973228476,2009-06-26T06:33:43Z
0.7248118517450005,2009-06-26T06:55:11Z
0.7248078304747163,2009-06-26T06:59:35Z
0.7248074209795404,2009-06-26T07:20:57Z
0.7245779081859434,2009-06-26T08:07:52Z
0.7245069619416624,2009-06-26T08:29:42Z
0.7244698628857312,2009-06-27T02:59:19Z
0.7246109988078577,2009-06-27T03:37:27Z
0.7245549161867946,2009-06-27T03:53:07Z
0.724471244501398,2009-06-27T05:42:06Z
0.7246373317868305,2009-06-27T11:45:49Z
0.7250778810851786,2009-06-28T02:58:37Z
0.7251677863857252,2009-06-28T03:33:01Z
0.7251170564662424,2009-06-28T03:43:35Z
0.7253095699065384,2009-06-28T05:14:31Z
0.7252678056262624,2009-06-28T05:32:21Z
0.7251347144054604,2009-06-28T07:31:36Z
0.7250709045484918,2009-06-28T07:51:14Z
0.7249879855922813,2009-06-28T10:54:00Z
0.7248611474649118,2009-06-28T11:13:13Z
0.7248066700125985,2009-06-28T11:37:21Z
0.724740906562563,2009-06-28T13:00:50Z
0.725218794358833,2009-06-28T14:08:40Z
0.7253582179164375,2009-06-29T08:24:37Z
0.725213273428466,2009-06-29T08:33:43Z
0.7251912908728625,2009-06-29T17:50:36Z
0.7251566489847435,2009-06-30T08:15:11Z
0.7251392076815094,2009-06-30T21:08:12Z
0.7251441530310272,2009-07-01T08:07:43Z
0.7251643583672889,2009-07-01T18:39:23Z
0.725199039170259,2009-07-02T08:09:23Z
0.7251332729203367,2009-07-02T08:20:03Z
0.7250396598554318,2009-07-02T08:33:23Z
0.7249223111543937,2009-07-02T08:48:41Z
0.7248128494811572,2009-07-02T09:05:25Z
0.7247158389974009,2009-07-02T09:12:01Z
0.7245986829434761,2009-07-02T09:27:21Z
0.7244704316602656,2009-07-02T09:40:41Z
0.7244304697421965,2009-07-02T10:09:49Z
0.7243502629192987,2009-07-02T10:27:57Z
0.7242839839809445,2009-07-02T21:12:05Z
0.7242947521156257,2009-07-03T07:57:04Z
0.7242938012981955,2009-07-03T19:09:54Z
0.7243279303877653,2009-07-04T11:04:10Z
0.7242447813980779,2009-07-04T11:28:57Z
0.7242488750944706,2009-07-04T14:20:34Z
0.7241329932489576,2009-07-04T14:28:30Z
0.7243256140332064,2009-07-04T15:49:49Z
0.7244665519344166,2009-07-04T16:33:21Z
0.7244763570570982,2009-07-04T17:15:47Z
0.7243396758864841,2009-07-04T17:31:43Z
0.7241991859482473,2009-07-04T17:42:35Z
0.7241030171877987,2009-07-04T18:01:27Z
0.7240052763254964,2009-07-04T18:26:31Z
0.7240706891740513,2009-07-04T21:04:07Z
0.7238678513240733,2009-07-04T21:52:51Z
0.7244486861715269,2009-07-05T12:32:56Z
0.7244805529619978,2009-07-05T13:06:45Z
0.7243827997874617,2009-07-05T17:56:49Z
0.724256045541844,2009-07-05T18:09:59Z
0.7245807107082477,2009-07-05T19:19:25Z
0.7246288985314546,2009-07-05T22:11:32Z
0.7247229841464743,2009-07-06T00:25:52Z
0.724840459413587,2009-07-06T07:13:32Z
0.724975236700264,2009-07-06T07:47:28Z
0.7250116472808534,2009-07-06T08:16:15Z
0.7251535282581378,2009-07-06T08:51:57Z
0.7250953888698308,2009-07-06T08:58:07Z
0.7251844902777022,2009-07-06T09:40:51Z
0.725058297777104,2009-07-06T09:50:57Z
0.724995488179029,2009-07-06T09:59:51Z
0.7251016909708906,2009-07-06T14:51:05Z
0.7251036155217263,2009-07-06T15:18:43Z
0.725181273231768,2009-07-07T00:10:56Z
0.7252747898972977,2009-07-07T06:38:56Z
0.7251764549120632,2009-07-07T06:57:50Z
0.7249019129740872,2009-07-07T07:48:58Z
0.7249914030709272,2009-07-07T09:12:36Z
0.724995899900296,2009-07-07T09:42:55Z
0.7249896592360582,2009-07-08T00:29:10Z
0.7249558987745254,2009-07-08T15:01:07Z
0.7249521946302099,2009-07-08T23:56:12Z
0.7247212528173329,2009-07-09T01:16:54Z
0.7246521629388638,2009-07-09T02:22:41Z
0.7246507523504869,2009-07-09T08:55:06Z
0.7248414567856496,2009-07-09T10:13:26Z
0.7248670269515323,2009-07-09T10:37:10Z
0.7248313993915128,2009-07-09T11:00:58Z
0.7248313993915128,2009-07-09T11:04:12Z
0.7248974437441652,2009-07-09T12:17:04Z
0.7248085829198656,2009-07-09T12:30:14Z
0.724791162524315,2009-07-09T12:50:04Z
0.7248810471076004,2009-07-09T13:25:23Z
0.724749828495235,2009-07-09T13:37:03Z
0.7247966100931337,2009-07-09T14:17:03Z
0.7248524773661706,2009-07-09T15:38:26Z
0.7251001402700695,2009-07-10T00:32:39Z
0.7252026743735738,2009-07-10T09:34:23Z
0.7253099069847443,2009-07-11T01:55:27Z
0.725366387474758,2009-07-11T02:35:52Z
0.725366387474758,2009-07-11T02:51:38Z
0.725868104274963,2009-07-11T11:05:32Z
0.7261017767569817,2009-07-11T14:11:05Z
0.7261933398791666,2009-07-11T14:44:43Z
0.7261517127808512,2009-07-12T06:55:21Z
0.7260282834638079,2009-07-12T07:47:53Z
0.7264307858491748,2009-07-12T09:06:45Z
0.7263570066706114,2009-07-12T09:22:51Z
0.7263220277515577,2009-07-12T09:42:45Z
0.7262995319891598,2009-07-12T10:13:15Z
0.7264307067445351,2009-07-12T10:52:17Z
0.7263280960320443,2009-07-12T10:59:14Z
0.726781731764321,2009-07-12T13:54:22Z
0.7267281259569609,2009-07-13T05:04:11Z
0.7267082384687266,2009-07-13T06:54:56Z
0.7266787629166408,2009-07-13T14:23:54Z
0.7265874962086222,2009-07-13T14:30:34Z
0.7265790469520426,2009-07-13T15:01:12Z
0.7267529420170232,2009-07-13T15:43:44Z
0.7267632254828097,2009-07-13T16:08:24Z
0.7266366331581204,2009-07-13T16:17:38Z
0.7266366331581204,2009-07-13T16:21:50Z
0.7267290615189558,2009-07-13T16:52:50Z
0.7267212361583828,2009-07-13T22:44:01Z
0.726724346325311,2009-07-13T23:11:15Z
0.726673508125742,2009-07-14T02:08:51Z
0.7266991663707325,2009-07-14T02:33:52Z
0.7267702798253632,2009-07-14T03:09:36Z
0.7272515937186105,2009-07-14T08:12:42Z
0.7271535139428464,2009-07-14T08:22:48Z
0.727627585736561,2009-07-14T09:32:56Z
0.7276641269986799,2009-07-15T00:51:33Z
0.7276901583339987,2009-07-15T12:40:01Z
0.7276615725535296,2009-07-15T22:06:06Z
0.7276394187995506,2009-07-15T22:49:36Z
0.727697487332958,2009-07-15T23:37:57Z
0.7275782179586557,2009-07-15T23:51:29Z
0.7275261345543858,2009-07-16T00:03:23Z
0.7275531811247551,2009-07-16T04:00:07Z
0.7274382774842353,2009-07-16T11:19:56Z
0.7278737044365456,2009-07-16T13:56:06Z
0.7277621899890117,2009-07-16T14:10:38Z
0.7276967689909674,2009-07-16T14:31:17Z
0.7278721530137159,2009-07-17T08:18:26Z
0.7281169083872391,2009-07-17T22:20:55Z
0.7281533005884164,2009-07-18T03:25:06Z
0.7281044559524604,2009-07-18T09:32:35Z
0.7281928397428999,2009-07-18T10:21:57Z
0.7282573104845311,2009-07-19T03:27:51Z
0.7282257897108332,2009-07-19T04:48:24Z
0.7282772074773743,2009-07-19T05:15:18Z
0.7282029674111619,2009-07-19T05:31:42Z
0.7281106187460217,2009-07-19T05:41:22Z
0.7280946377009521,2009-07-19T11:52:28Z
0.7283364054065241,2009-07-19T12:42:08Z
0.7282794934761816,2009-07-19T12:58:02Z
0.7286195686960619,2009-07-19T14:17:05Z
0.7285834202797216,2009-07-19T14:37:19Z
0.7289191444858751,2009-07-20T01:15:53Z
0.7289112037624879,2009-07-20T01:19:13Z
0.7289076746076272,2009-07-20T01:22:57Z
0.728964616062785,2009-07-20T11:03:36Z
0.7289011480019856,2009-07-21T11:20:17Z
0.7287987964209359,2009-07-21T12:38:36Z
0.7288596932323129,2009-07-22T00:57:03Z
0.728852424402383,2009-07-22T02:47:42Z
0.7290902579012156,2009-07-22T06:49:09Z
0.728988454596284,2009-07-22T07:40:16Z
0.7289620516916977,2009-07-22T08:55:15Z
0.7289457817020834,2009-07-22T09:16:16Z
0.7288277055548712,2009-07-22T11:13:45Z
0.7288494735672835,2009-07-22T11:37:33Z
0.7288197942964956,2009-07-22T14:01:23Z
0.7289524387913939,2009-07-22T14:59:21Z
0.7289059006428695,2009-07-22T15:17:53Z
0.7291488477871716,2009-07-22T16:04:41Z
0.729152468470298,2009-07-23T02:40:43Z
0.7290797570920302,2009-07-23T05:00:21Z
0.7291071801449751,2009-07-23T05:28:10Z
0.7290175833772778,2009-07-24T02:48:31Z
0.7291554103105445,2009-07-24T04:02:51Z
0.7291854210839884,2009-07-24T04:45:59Z
0.7292999834882155,2009-07-24T05:29:33Z
0.7292735612550164,2009-07-24T06:07:31Z
0.7290843229423642,2009-07-24T06:25:39Z
0.7294854107889318,2009-07-24T08:01:40Z
0.7294122727979975,2009-07-24T10:17:26Z
0.7294070417597127,2009-07-24T10:38:30Z
0.7294281960146709,2009-07-24T11:31:50Z
0.729318760661346,2009-07-24T11:46:34Z
0.7292778017857185,2009-07-24T13:46:00Z
0.7292758616620845,2009-07-24T14:07:26Z
0.7292451895635109,2009-07-25T02:57:51Z
0.7293925912149058,2009-07-25T03:54:42Z
0.7297755432276783,2009-07-25T09:05:12Z
0.7298202350190469,2009-07-25T09:33:36Z
0.7294942894006755,2009-07-25T13:44:47Z
0.7295135982957505,2009-07-25T14:10:46Z
0.7293909200914684,2009-07-25T14:19:38Z
0.72942183513145,2009-07-25T14:47:30Z
0.7294090698728947,2009-07-26T01:42:44Z
0.7293909468385182,2009-07-26T04:33:03Z
0.7293820058807668,2009-07-26T04:55:13Z
0.729366681101751,2009-07-26T13:31:58Z
0.7292863614684869,2009-07-26T14:09:20Z
0.729275921704635,2009-07-26T14:35:32Z
0.7292606240283789,2009-07-27T03:36:41Z
0.7291795540302354,2009-07-27T03:49:45Z
0.7291404807529894,2009-07-27T03:56:29Z
0.7290522277951227,2009-07-27T04:10:23Z
0.7289673377044523,2009-07-27T04:17:03Z
0.7288594631146421,2009-07-27T05:03:56Z
0.7287383423408968,2009-07-27T05:26:27Z
0.7287637206881489,2009-07-27T07:06:54Z
0.7286493505890115,2009-07-27T07:16:36Z
0.7286613853341458,2009-07-27T10:09:05Z
0.7286013398390894,2009-07-27T10:14:59Z
0.7285895010503592,2009-07-27T10:19:03Z
0.7284863111848555,2009-07-27T10:30:59Z
0.7284229211866668,2009-07-27T10:55:29Z
0.7284294299134012,2009-07-28T00:49:30Z
0.7283423934132659,2009-07-28T01:23:02Z
0.728261813533239,2009-07-28T01:37:45Z
0.728261813533239,2009-07-28T01:43:13Z
0.7282457748337013,2009-07-28T04:03:17Z
0.7282710824808136,2009-07-28T04:46:11Z
0.7283559948842545,2009-07-28T05:30:28Z
0.7283808659602433,2009-07-28T06:43:12Z
0.7283674118473512,2009-07-28T06:50:12Z
0.7287956674719073,2009-07-29T01:13:21Z
0.7286754656285158,2009-07-29T01:26:41Z
0.7293581318515777,2009-07-29T04:10:27Z
0.7299775610474861,2009-07-29T06:41:36Z
0.7304100815148484,2009-07-29T07:53:06Z
0.7308905529567522,2009-07-29T09:09:04Z
0.7317253155201658,2009-07-29T11:03:10Z
0.7316374856689927,2009-07-29T11:16:24Z
0.7319308415007514,2009-07-29T12:11:02Z
0.7319300141466059,2009-07-29T12:14:42Z
0.7321017417755759,2009-07-30T03:23:57Z
0.7320086429165159,2009-07-30T03:37:11Z
0.7318905219160978,2009-07-30T03:46:42Z
0.7318171896670459,2009-07-30T04:05:56Z
0.7318727095570396,2009-07-30T04:42:06Z
0.7318532478204522,2009-07-30T05:06:06Z
0.7318818026430796,2009-07-30T05:32:56Z
0.7318481824978188,2009-07-30T10:06:30Z
0.7317934845255091,2009-07-30T10:31:42Z
0.731715311702864,2009-07-30T10:38:02Z
0.7316914597888393,2009-07-30T11:01:44Z
0.7317818168753238,2009-07-30T11:34:57Z
0.7316841968794144,2009-07-30T11:46:53Z
0.7316841968794144,2009-07-30T11:50:07Z
0.7316509206934735,2009-07-30T13:35:32Z
0.7316680774254306,2009-07-30T14:09:38Z
0.7317158690808392,2009-07-30T14:36:58Z
0.7316191583472503,2009-07-30T14:52:24Z
0.731615581112636,2009-07-31T02:41:34Z
0.7315579525682412,2009-07-31T02:59:54Z
0.7314685345975127,2009-07-31T03:29:26Z
0.7314731593891832,2009-07-31T04:26:07Z
0.7314645781894153,2009-07-31T04:47:25Z
0.7316851952050782,2009-07-31T08:22:32Z
0.7315945087166149,2009-07-31T08:37:10Z
0.7315754038496693,2009-07-31T08:59:40Z
0.7316751456138778,2009-07-31T09:40:48Z
0.7315799961925925,2009-07-31T09:56:34Z
0.7314862425347304,2009-07-31T10:08:42Z
0.7313961264020846,2009-07-31T10:22:54Z
0.731291415960016,2009-07-31T10:33:36Z
0.731190939310328,2009-07-31T10:48:24Z
0.7313336673268779,2009-07-31T11:41:22Z
0.7312804728419038,2009-07-31T12:06:42Z
0.7314127455775794,2009-07-31T12:46:26Z
0.7312997212174172,2009-08-01T00:51:02Z
0.7317325225273071,2009-08-01T02:01:14Z
0.7316305240077087,2009-08-01T03:01:29Z
0.7320680740964773,2009-08-01T04:13:17Z
0.7320137256849051,2009-08-01T06:49:27Z
0.7319762716387854,2009-08-01T07:08:01Z
0.7329230269104343,2009-08-01T09:18:41Z
0.7331837114629576,2009-08-01T12:40:39Z
0.7333008411460615,2009-08-02T08:00:41Z
0.7337018651733039,2009-08-02T13:53:42Z
0.7336857857540771,2009-08-02T14:13:50Z
0.733596143031084,2009-08-02T14:33:56Z
0.7335544886039155,2009-08-02T14:39:54Z
0.733625426029125,2009-08-03T09:53:46Z
0.7336014156140837,2009-08-03T10:11:56Z
0.7335990146590199,2009-08-03T13:05:58Z
0.7334842723966827,2009-08-03T13:39:06Z
0.7334851961034236,2009-08-03T14:04:36Z
0.7331777806315121,2009-08-03T22:33:55Z
0.7329644342725865,2009-08-03T23:21:22Z
0.7328492430038833,2009-08-03T23:37:49Z
0.7328758153241544,2009-08-04T00:05:45Z
0.7328758153241544,2009-08-04T00:31:41Z
0.7329973183945109,2009-08-04T01:21:36Z
0.7329220353552017,2009-08-04T04:59:08Z
0.7329749278745592,2009-08-04T05:55:04Z
0.7330835594777377,2009-08-05T04:45:19Z
0.7330502258634642,2009-08-05T04:51:03Z
0.7330401442537879,2009-08-05T05:12:41Z
0.7330462403525134,2009-08-05T06:07:51Z
0.7330446550269007,2009-08-05T10:28:59Z
0.7331413065669697,2009-08-05T11:04:14Z
0.7331496334999407,2009-08-05T11:31:52Z
0.7331288707623919,2009-08-05T19:19:42Z
0.7331264977239451,2009-08-05T19:55:12Z
0.7329633715180751,2009-08-05T20:50:03Z
0.7324170648691436,2009-08-05T22:52:47Z
0.7320891587595191,2009-08-06T04:32:51Z
0.7321259142652146,2009-08-06T05:07:09Z
0.7320922029484298,2009-08-06T05:18:07Z
0.732041475601454,2009-08-06T05:51:04Z
0.7323556218499337,2009-08-07T03:29:19Z
0.7323501442461802,2009-08-07T03:39:51Z
0.7323501442461802,2009-08-07T03:58:05Z
0.7322456588273626,2009-08-07T04:07:43Z
0.7322245391092187,2009-08-07T04:11:49Z
0.7323307941698131,2009-08-07T04:49:29Z
0.7322472960199377,2009-08-07T05:02:11Z
0.732469300668346,2009-08-07T05:59:40Z
0.7326130169858023,2009-08-07T07:08:39Z
0.7325160168775653,2009-08-07T07:20:57Z
0.7326306448013093,2009-08-07T07:57:27Z
0.7328872448530496,2009-08-07T13:31:09Z
0.732805525810795,2009-08-08T05:41:28Z
0.7328048494917718,2009-08-08T09:00:56Z
0.73268981401045,2009-08-08T09:11:16Z
0.7325770824087187,2009-08-08T09:21:06Z
0.7326970855130615,2009-08-08T10:03:14Z
0.7325909963205812,2009-08-08T10:15:32Z
0.7325042047029205,2009-08-08T10:23:00Z
0.7324061109325031,2009-08-08T10:37:16Z
0.7324684450502713,2009-08-08T11:08:58Z
0.7324349101770476,2009-08-08T11:27:58Z
0.7323530902417752,2009-08-08T11:46:56Z
0.7322780901100642,2009-08-08T11:53:24Z
0.7322069701573052,2009-08-08T11:59:32Z
0.7322199281971319,2009-08-08T12:32:56Z
0.732119049527675,2009-08-08T12:43:08Z
0.7320071922719986,2009-08-08T12:52:32Z
0.7318937311456188,2009-08-08T13:01:28Z
0.7318019074207227,2009-08-08T13:09:24Z
0.7317301620600486,2009-08-08T13:15:36Z
0.7316308796204075,2009-08-08T13:28:52Z
0.7315573813673077,2009-08-08T13:43:26Z
0.7314895858019328,2009-08-08T14:00:18Z
0.7314140889688823,2009-08-08T14:31:46Z
0.7313447688690025,2009-08-08T22:11:34Z
0.7312118138060651,2009-08-09T10:06:15Z
0.7312319985867017,2009-08-09T13:21:33Z
0.7312139290560736,2009-08-09T13:29:33Z
0.7313972514119963,2009-08-09T14:12:59Z
0.7312924920069089,2009-08-09T14:27:43Z
0.7312984901326335,2009-08-10T03:39:40Z
0.731275031084825,2009-08-10T09:31:13Z
0.7313918433125194,2009-08-10T10:26:42Z
0.7314580466955789,2009-08-10T11:33:26Z
0.7313669859522703,2009-08-10T11:44:16Z
0.7313662208320039,2009-08-10T11:48:10Z
0.7313540359682141,2009-08-10T18:48:14Z
0.731352888927924,2009-08-10T19:16:25Z
0.7313448036513654,2009-08-10T19:52:58Z
0.7313448036513654,2009-08-10T19:59:32Z
0.7312577375354863,2009-08-10T20:13:55Z
0.7309953009708131,2009-08-10T21:20:59Z
0.7307039639538533,2009-08-11T03:39:42Z
0.7306203120779572,2009-08-13T02:02:58Z
0.7305899524215163,2009-08-13T02:09:10Z
0.7306019033044908,2009-08-13T07:41:32Z
0.7305334594665561,2009-08-13T08:03:20Z
0.7305258777125843,2009-08-13T12:17:18Z
0.730508440275664,2009-08-13T12:24:48Z
0.7304838112388269,2009-08-13T12:45:32Z
0.730370447964289,2009-08-14T07:30:31Z
0.730362730879794,2009-08-14T08:46:35Z
0.7302773978858171,2009-08-14T18:18:54Z
0.7303352959750943,2009-08-14T19:38:18Z
0.7303352959750943,2009-08-14T19:50:06Z
0.7302258551404018,2009-08-14T19:58:10Z
0.7303229918923254,2009-08-14T21:05:14Z
0.7302141895483916,2009-08-15T01:59:23Z
0.7303630827806536,2009-08-15T03:55:37Z
0.7302579919751361,2009-08-15T04:04:57Z
0.730151806146849,2009-08-15T04:16:29Z
0.7302980909084377,2009-08-15T05:28:01Z
0.7302119698956775,2009-08-15T05:42:27Z
0.7301081711655051,2009-08-15T05:53:27Z
0.7300329352587792,2009-08-15T06:07:59Z
0.7299682650356569,2009-08-15T06:23:17Z
0.7299985654708842,2009-08-15T06:59:39Z
0.7299038153221403,2009-08-15T07:10:15Z
0.7298193301756917,2009-08-15T07:17:47Z
0.729734061236883,2009-08-15T07:34:15Z
0.7296568619923237,2009-08-15T07:52:39Z
0.7296035065563721,2009-08-15T08:08:47Z
0.7295548940175137,2009-08-15T08:34:03Z
0.7294487726694835,2009-08-15T08:45:27Z
0.7293462865908219,2009-08-15T08:57:43Z
0.7292433740655799,2009-08-15T09:06:55Z
0.7291625565408499,2009-08-15T09:19:27Z
0.7290654465404435,2009-08-15T09:32:25Z
0.7290006284712819,2009-08-15T09:38:31Z
0.7289052849054811,2009-08-15T09:52:49Z
0.7289386920327109,2009-08-15T12:00:57Z
0.7290685339507746,2009-08-15T14:41:28Z
0.7290371420123772,2009-08-15T15:00:14Z
0.7289404490264604,2009-08-15T15:12:35Z
0.7289121733455801,2009-08-16T05:35:37Z
0.7288260346240655,2009-08-16T05:43:17Z
0.7287326386678556,2009-08-16T05:57:55Z
0.7287318964388967,2009-08-16T06:12:05Z
0.728698353165392,2009-08-16T13:59:14Z
0.7286063731458144,2009-08-16T14:07:24Z
0.7286870914949632,2009-08-17T11:33:05Z
0.7288725030355453,2009-08-17T14:42:57Z
0.728767856073425,2009-08-18T01:31:21Z
0.7288357950402091,2009-08-18T02:02:21Z
0.7287375844812988,2009-08-18T02:16:59Z
0.7287353676047084,2009-08-18T02:20:21Z
0.7287287170558632,2009-08-18T02:28:41Z
0.7286950966947113,2009-08-18T02:39:10Z
0.7288976088910267,2009-08-18T03:27:22Z
0.7288968707769564,2009-08-18T10:12:24Z
0.7288852654969589,2009-08-18T10:32:44Z
0.728779786827638,2009-08-18T13:57:08Z
0.7288209123439318,2009-08-18T14:23:52Z
0.7291660463043481,2009-08-19T02:05:33Z
0.7291494207646966,2009-08-19T02:30:05Z
0.7290647822343977,2009-08-19T02:42:51Z
0.7289760858286262,2009-08-19T02:53:51Z
0.7289481525700863,2009-08-19T02:58:13Z
0.7289400670263523,2009-08-19T03:03:41Z
0.7289216914576578,2009-08-19T03:08:49Z
0.7289047867526764,2009-08-19T03:16:39Z
0.7289770801020184,2009-08-19T12:56:14Z
0.7288860212584096,2009-08-19T13:04:30Z
0.7288551839042078,2009-08-19T13:09:08Z
0.7287949851608585,2009-08-19T13:15:26Z
0.7287546135263633,2009-08-19T13:23:54Z
0.7287439708404716,2009-08-20T00:44:26Z
0.7289247897757205,2009-08-20T01:52:40Z
0.728896942766088,2009-08-20T03:06:52Z
0.7292108745664491,2009-08-20T04:23:54Z
0.7292290831939615,2009-08-20T05:31:56Z
0.7297190820484142,2009-08-20T10:37:33Z
0.7297103374170638,2009-08-20T13:07:30Z
0.7296275574012794,2009-08-20T13:54:10Z
0.729535682805327,2009-08-20T14:13:30Z
0.7295572164760971,2009-08-21T09:40:36Z
0.729555035502195,2009-08-21T14:04:05Z
0.7295492063492064,2009-08-21T14:25:21Z
0.7295257483599296,2009-08-22T10:49:56Z
0.729516980215949,2009-08-22T11:18:22Z
0.7295031102227129,2009-08-22T14:21:14Z
0.7295704320521483,2009-08-23T08:01:49Z
0.7295544832876582,2009-08-23T10:09:19Z
0.7294489858366847,2009-08-23T10:22:50Z
0.7294013135092028,2009-08-23T14:38:33Z
0.7295137187045463,2009-08-23T15:15:59Z
0.7296393560197806,2009-08-24T01:57:11Z
0.7295846005995782,2009-08-24T02:33:09Z
0.7299367745122253,2009-08-24T04:18:13Z
0.7299454601821812,2009-08-24T09:48:41Z
0.7298705157847142,2009-08-24T11:22:52Z
0.729954370238269,2009-08-24T11:56:46Z
0.7298871429768813,2009-08-24T12:10:16Z
0.7300216908201139,2009-08-24T12:50:24Z
0.730006645826667,2009-08-24T13:19:44Z
0.7299894899061767,2009-08-24T13:39:18Z
0.7303040796928995,2009-08-25T07:40:30Z
0.7302047255232081,2009-08-25T08:10:15Z
0.730137309210914,2009-08-25T08:16:31Z
0.7302905764797667,2009-08-25T09:12:12Z
0.7302976735113752,2009-08-25T14:26:30Z
0.7302858710347395,2009-08-26T00:50:36Z
0.7302858710347395,2009-08-26T00:56:26Z
0.7301849127350589,2009-08-26T02:25:46Z
0.7301001127161658,2009-08-26T02:39:46Z
0.7300279069767441,2009-08-26T02:46:30Z
0.7300898203592814,2009-08-26T03:19:20Z
0.7299974761456636,2009-08-26T12:36:11Z
0.7299539179522394,2009-08-26T14:05:06Z
0.7299326738249207,2009-08-26T14:24:59Z
0.729881292931347,2009-08-26T14:33:03Z
0.7298570322459546,2009-08-27T02:48:37Z
0.729835053158224,2009-08-27T03:08:55Z
0.7297737252380683,2009-08-27T11:09:27Z
0.7297465177195385,2009-08-27T11:31:33Z
0.7297250069920922,2009-08-28T02:14:50Z
0.729724294629151,2009-08-28T02:17:58Z
0.7297221575486723,2009-08-28T10:09:10Z
0.7296936786614268,2009-08-28T10:28:22Z
0.7296758786063292,2009-08-28T10:35:24Z
0.7297287546935802,2009-08-28T11:15:44Z
0.7297251971513483,2009-08-28T11:19:04Z
0.7296327132269644,2009-08-28T11:32:34Z
0.7296475175598164,2009-08-28T14:07:26Z
0.7298240494879052,2009-08-29T07:01:21Z
0.729795301460215,2009-08-29T07:32:34Z
0.7297151028874819,2009-08-29T07:40:06Z
0.7297151028874819,2009-08-29T07:55:02Z
0.729786811244457,2009-08-29T10:23:24Z
0.7298761598641519,2009-08-29T11:19:52Z
0.7301568847998504,2009-08-29T14:21:45Z
0.730156177414753,2009-08-29T14:32:19Z
0.7299746225215075,2009-08-30T05:49:59Z
0.7301826327021197,2009-08-30T06:42:59Z
0.730109341634473,2009-08-30T08:05:58Z
0.7301307841006655,2009-08-30T08:34:50Z
0.7302201979681832,2009-08-30T11:59:33Z
0.7301306148885433,2009-08-30T12:15:55Z
0.7300395998443207,2009-08-31T01:30:16Z
0.729980083378854,2009-08-31T01:52:34Z
0.730135996074082,2009-08-31T02:36:08Z
0.7300339033977069,2009-08-31T07:01:55Z
0.7299396438132862,2009-08-31T07:12:35Z
0.7298706436629256,2009-08-31T07:33:49Z
0.7298573137697191,2009-08-31T08:00:42Z
0.7298889338117053,2009-08-31T08:30:20Z
0.7298963762186617,2009-08-31T09:58:20Z
0.7298669189372541,2009-08-31T11:42:58Z
0.7298668458126468,2009-08-31T12:04:58Z
0.729946353439718,2009-09-02T01:18:43Z
0.7299467561433283,2009-09-02T06:16:26Z
0.7298930444624586,2009-09-02T06:31:50Z
0.7299363051222255,2009-09-02T07:08:19Z
0.7298593840411712,2009-09-02T07:15:43Z
0.7299348223336648,2009-09-02T07:47:09Z
0.7299494401102081,2009-09-02T08:18:01Z
0.7299480324522276,2009-09-04T00:21:54Z
0.7301169307271493,2009-09-04T06:08:27Z
0.7300427883800792,2009-09-04T06:29:51Z
0.7300882065307831,2009-09-04T07:11:39Z
0.7300935479105409,2009-09-04T09:37:54Z
0.7300600550389402,2009-09-04T09:59:16Z
0.7301356868184304,2009-09-04T10:44:28Z
0.7300411714566777,2009-09-05T03:14:37Z
0.7299907964278338,2009-09-05T03:31:48Z
0.7299165370611511,2009-09-05T03:44:50Z
0.7298314666605776,2009-09-05T03:55:31Z
0.7297535479207092,2009-09-05T12:17:53Z
0.7296604987289743,2009-09-06T02:32:42Z
0.7296556413572732,2009-09-06T06:45:19Z
0.7295569706311075,2009-09-06T06:56:43Z
0.7294626397687072,2009-09-06T07:05:47Z
0.7293725184904247,2009-09-06T07:19:23Z
0.7293718251916291,2009-09-06T07:33:13Z
0.7294036344292351,2009-09-07T00:29:29Z
0.7293431614893797,2009-09-07T14:36:43Z
0.7293336028991615,2009-09-07T23:50:48Z
0.7292916939058027,2009-09-08T04:23:37Z
0.7292806225704562,2009-09-08T13:37:06Z
0.7292883037769182,2009-09-08T14:00:46Z
0.7292700612310667,2009-09-08T14:19:56Z
0.7292505528196169,2009-09-08T23:59:30Z
0.7292132457709332,2009-09-09T00:37:30Z
0.7291724887292762,2009-09-09T00:42:44Z
0.7291286692916816,2009-09-09T00:59:11Z
0.7291202680510925,2009-09-09T08:30:26Z
0.7291175075886,2009-09-09T08:34:42Z
0.7290258016589146,2009-09-09T08:45:26Z
0.7290133837024111,2009-09-09T08:49:46Z
0.7289674891153454,2009-09-10T00:07:32Z
0.7288944002323088,2009-09-10T00:21:08Z
0.7289476258643285,2009-09-10T04:20:09Z
0.7288739099965362,2009-09-10T04:32:15Z
0.7288656437261924,2009-09-10T04:38:11Z
0.7288022752154514,2009-09-10T04:49:25Z
0.7288078843137801,2009-09-11T00:16:38Z
0.7287691926404116,2009-09-11T04:17:58Z
0.7288748486622141,2009-09-11T05:05:10Z
0.7289813339666393,2009-09-11T07:12:19Z
0.7288889433328968,2009-09-11T07:26:47Z
0.7289843338103488,2009-09-11T08:03:57Z
0.7289843338103488,2009-09-11T08:24:17Z
0.7290892416225749,2009-09-11T11:01:15Z
0.7290342964447282,2009-09-11T13:22:09Z
0.7290184871627499,2009-09-11T13:45:12Z
0.7290178019663416,2009-09-12T02:18:07Z
0.7289471322733823,2009-09-12T02:32:43Z
0.7289828206730248,2009-09-12T03:08:27Z
0.7288860290269726,2009-09-12T03:19:59Z
0.7290981829601836,2009-09-12T04:12:09Z
0.7290096800167223,2009-09-12T12:23:10Z
0.7289386198487077,2009-09-12T12:35:29Z
0.7288997155123074,2009-09-12T13:04:49Z
0.7289788075230391,2009-09-13T02:01:24Z
0.7289731123395473,2009-09-13T02:34:22Z
0.7288721953610451,2009-09-13T02:42:20Z
0.7288626506069175,2009-09-13T03:21:46Z
0.7288804629646508,2009-09-13T03:46:03Z
0.7288411265170718,2009-09-13T06:14:09Z
0.7288792522094385,2009-09-13T07:03:55Z
0.7291477843829204,2009-09-13T09:03:45Z
0.72911244947171,2009-09-13T11:47:13Z
0.7291521085438122,2009-09-13T12:24:33Z
0.7291331570555247,2009-09-13T12:51:15Z
