availability,time
0.0,2008-04-02T17:43:18Z
0.0,2008-04-02T17:47:18Z
0.0,2008-04-02T17:51:18Z
0.0,2008-04-02T18:00:39Z
0.0,2008-04-02T18:05:38Z
0.3865638766519824,2008-04-04T01:23:27Z
0.45384318269602164,2008-04-04T01:40:39Z
0.4333437402435217,2008-04-04T01:54:36Z
0.4181982524856885,2008-04-04T02:07:56Z
0.4181982524856885,2008-04-04T02:16:37Z
0.3974799541809851,2008-04-04T03:24:45Z
0.38555555555555554,2008-04-04T03:31:12Z
0.38555555555555554,2008-04-04T03:35:07Z
0.5783820073850285,2008-04-04T04:17:39Z
0.5623681620025313,2008-04-04T04:40:33Z
0.5515862068965517,2008-04-05T04:47:37Z
0.5773625327303024,2008-04-05T05:10:00Z
0.5625,2008-04-05T05:19:00Z
0.5542099851479493,2008-04-05T05:25:41Z
0.5542099851479493,2008-04-05T05:34:16Z
0.5464684014869888,2008-04-05T05:43:17Z
0.5351351351351351,2008-04-05T05:49:33Z
0.5351351351351351,2008-04-05T05:58:15Z
0.5348401323042999,2008-04-05T10:39:59Z
0.5178704790355276,2008-04-05T10:49:34Z
0.5178704790355276,2008-04-05T10:54:40Z
0.5100258090133015,2008-04-05T11:09:52Z
0.538149422245744,2008-04-05T11:34:57Z
0.538149422245744,2008-04-05T11:38:58Z
0.538149422245744,2008-04-05T11:41:59Z
0.5308448620899678,2008-04-05T12:36:18Z
0.5308448620899678,2008-04-05T12:40:01Z
0.5259936201396672,2008-04-05T12:48:09Z
0.5259936201396672,2008-04-05T12:55:03Z
0.5290008123476848,2008-04-05T14:38:47Z
0.5287860332927324,2008-04-05T14:58:45Z
0.5249295147648019,2008-04-05T15:21:10Z
0.5249295147648019,2008-04-12T15:00:02Z
0.5249295147648019,2008-04-12T15:04:09Z
0.51495742048184,2008-04-12T15:12:31Z
0.5128298057407944,2008-04-12T16:43:30Z
0.5120874348581355,2008-04-12T16:47:50Z
0.5120503727292466,2008-04-14T16:39:11Z
0.5120503727292466,2008-04-14T16:43:12Z
0.5050685322672759,2008-04-14T16:51:17Z
0.5033795802205621,2008-04-14T16:56:04Z
0.499682180944982,2008-04-14T17:02:10Z
0.499682180944982,2008-04-14T17:06:10Z
0.499682180944982,2008-04-14T17:10:10Z
0.4993647656691135,2008-04-14T17:14:19Z
0.4993647656691135,2008-04-14T17:18:19Z
0.4950668252746484,2008-04-14T17:24:22Z
0.49503218583823116,2008-04-14T20:51:15Z
0.49503218583823116,2008-04-14T20:55:18Z
0.48722539769988293,2008-04-14T21:03:10Z
0.48722539769988293,2008-04-14T21:07:10Z
0.4842905058525566,2008-04-14T21:12:38Z
0.4826386520226482,2008-04-14T21:17:28Z
0.4806712412528025,2008-04-14T21:22:28Z
0.4797911297979113,2008-04-14T21:26:55Z
0.4744857594936709,2008-04-22T11:18:56Z
0.5138577199281867,2008-04-22T12:06:29Z
0.5058264759485281,2008-04-22T12:16:03Z
0.5329292929292929,2008-04-22T13:09:12Z
0.5329292929292929,2008-04-22T13:14:34Z
0.5561753358434435,2008-04-22T13:47:53Z
0.5561753358434435,2008-04-22T14:15:39Z
0.5516281535810542,2008-04-22T14:47:07Z
0.545101292350681,2008-04-26T10:58:03Z
0.5587436192985344,2008-04-26T11:25:54Z
0.5584805866089674,2008-04-26T11:42:42Z
0.5655728267127231,2008-04-26T12:07:38Z
0.5593895911627377,2008-04-26T12:17:42Z
0.570004694666137,2008-04-26T12:58:50Z
0.5644557034288364,2008-04-26T13:10:02Z
0.5845120685180379,2008-04-26T14:09:19Z
0.5839972069698797,2008-04-27T06:15:11Z
0.5893972804116133,2008-04-27T06:45:35Z
0.5893972804116133,2008-04-27T06:54:51Z
0.6023337024103569,2008-04-27T08:28:21Z
0.5972808647187975,2008-05-01T08:19:55Z
0.5949654870165443,2008-05-01T08:48:10Z
0.5845461124065289,2008-05-01T09:09:03Z
0.5647985108416763,2008-05-01T10:05:24Z
0.5615970907641725,2008-05-01T10:32:14Z
0.5660258430507407,2008-05-01T11:00:30Z
0.5659814956123617,2008-05-01T11:30:30Z
0.562414103596986,2008-05-01T11:37:57Z
0.5601312125359891,2008-05-01T11:45:28Z
0.5566921024296615,2008-05-01T11:57:19Z
0.5530283669818553,2008-05-01T13:18:09Z
0.552514657383657,2008-05-01T15:12:41Z
0.5515420315036236,2008-05-01T15:32:39Z
0.5650863669119734,2008-05-01T16:12:40Z
0.5655649632526755,2008-05-01T17:19:57Z
0.5655042007778422,2008-05-01T17:23:14Z
0.5653159355207693,2008-05-02T08:21:47Z
0.5687090894026017,2008-05-02T08:54:46Z
0.5779935663050211,2008-05-02T09:32:49Z
0.5751322120163823,2008-05-02T09:44:17Z
0.5750064600767258,2008-05-02T09:47:40Z
0.5730489750103385,2008-05-02T10:02:46Z
0.5713533541341653,2008-05-02T10:20:08Z
0.5824322045015836,2008-05-02T11:03:32Z
0.586125366568915,2008-05-02T11:29:18Z
0.6056223930504326,2008-05-02T12:40:01Z
0.6061671763506626,2008-05-02T12:58:04Z
0.6033278658031351,2008-05-02T13:07:19Z
0.6031238906638268,2008-05-02T13:19:51Z
0.604062942302889,2008-05-02T13:39:54Z
0.6027481474096966,2008-05-02T13:53:58Z
0.6000297387942571,2008-05-02T14:05:31Z
0.6003163679652974,2008-05-02T14:29:31Z
0.6080726698262243,2008-05-02T15:05:39Z
0.6073344280240832,2008-05-02T15:46:14Z
0.6056579645051621,2008-05-02T15:52:57Z
0.6053841717198485,2008-05-02T16:07:25Z
0.6071319018404908,2008-05-02T16:28:41Z
0.606992256382734,2008-05-02T16:32:26Z
0.6058403097690507,2008-05-02T17:14:59Z
0.60377760204392,2008-05-02T17:25:34Z
0.6025996742867483,2008-05-02T17:40:59Z
0.6007310094821516,2008-05-02T21:19:08Z
0.599863424482646,2008-05-03T06:31:51Z
0.5990186340928295,2008-05-03T06:57:40Z
0.6059562573840879,2008-05-03T07:40:01Z
0.6165559515719694,2008-05-03T08:28:24Z
0.615301574999308,2008-05-03T08:33:56Z
0.6152128956270457,2008-05-03T09:14:44Z
0.613054438918035,2008-05-03T09:30:47Z
0.6116441785873787,2008-05-03T09:44:27Z
0.6130254904577606,2008-05-03T10:05:14Z
0.6158455829322983,2008-05-03T10:32:01Z
0.6222687359607924,2008-05-03T11:43:11Z
0.6224884355355237,2008-05-03T13:27:11Z
0.6169287113931138,2008-05-03T13:54:15Z
0.6159729000401906,2008-05-03T14:20:36Z
0.6163868077898159,2008-05-03T15:34:41Z
0.6159913584553239,2008-05-03T16:22:31Z
0.614420375942354,2008-05-03T16:46:45Z
0.6141270820481185,2008-05-10T01:25:32Z
0.6142936687301431,2008-05-10T01:43:19Z
0.6073641278967196,2008-05-10T05:55:41Z
0.6121440195280716,2008-05-10T06:43:14Z
0.6121128909229596,2008-05-10T06:49:58Z
0.61210666558184,2008-05-10T10:35:38Z
0.6112813356389487,2008-05-10T10:55:48Z
0.6105240934179175,2008-05-10T11:15:04Z
0.6103364640828833,2008-05-10T11:33:40Z
0.6103060063476855,2008-05-10T11:37:37Z
0.609773272766945,2008-05-11T01:24:39Z
0.6103953536366048,2008-05-11T01:44:14Z
0.6094370909661784,2008-05-11T01:50:34Z
0.608595112583041,2008-05-11T02:01:09Z
0.6168105951689533,2008-05-11T02:57:43Z
0.6231504201055841,2008-05-11T03:44:01Z
0.6256987335740337,2008-05-11T04:18:42Z
0.6251412120549543,2008-05-11T04:33:00Z
0.6286932683521169,2008-05-11T06:14:18Z
0.6276810790504642,2008-05-11T06:23:21Z
0.6266274824116128,2008-05-11T06:36:39Z
0.6223131687769109,2008-05-11T08:04:09Z
0.6208028297154129,2008-05-12T15:07:31Z
0.6188216786765453,2008-05-12T15:23:31Z
0.6189912324901743,2008-05-16T10:38:07Z
0.6185133592910849,2008-05-16T10:52:11Z
0.6177249450742229,2008-05-16T11:05:30Z
0.6167842523877667,2008-05-16T11:18:35Z
0.6152537449686709,2008-05-16T13:10:05Z
0.6143132279155886,2008-05-16T13:25:41Z
0.6179815498755349,2008-05-16T14:12:49Z
0.6171202190662141,2008-05-17T01:56:06Z
0.6160272377316987,2008-05-17T02:14:27Z
0.6176701235516292,2008-05-17T02:45:52Z
0.6164235634146148,2008-05-17T03:08:50Z
0.6152169778425841,2008-05-17T04:09:20Z
0.6192068465603516,2008-05-17T04:52:44Z
0.6189945614062426,2008-05-18T05:53:00Z
0.6184548554346303,2008-05-18T05:57:53Z
0.6184548554346303,2008-05-18T06:04:53Z
0.6174310429247593,2008-05-18T06:11:32Z
0.6164290195410222,2008-05-18T07:20:22Z
0.6156946475125129,2008-05-18T12:06:22Z
0.6148546592275207,2008-05-18T12:20:59Z
0.6148991252929732,2008-05-18T12:37:37Z
0.6169407060142232,2008-05-18T13:13:22Z
0.619529777751189,2008-05-18T13:59:19Z
0.6212992356131743,2008-05-18T14:28:33Z
0.6214212697735646,2008-05-21T09:02:37Z
0.6247306791569087,2008-05-21T09:58:01Z
0.6251109393340777,2008-05-21T10:17:51Z
0.6295890025665366,2008-05-21T11:58:18Z
0.6295668682323161,2008-05-21T12:05:05Z
0.632134029494265,2008-05-21T13:08:37Z
0.634734416753013,2008-05-21T14:14:33Z
0.6349835385928545,2008-05-22T10:09:58Z
0.634824421794047,2008-05-22T10:13:56Z
0.6337942459177119,2008-05-22T10:23:50Z
0.6326004681881657,2008-05-22T12:08:41Z
0.6322549759965478,2008-05-23T06:37:20Z
0.6354338153136178,2008-05-23T07:52:31Z
0.6345527891668482,2008-05-23T09:47:59Z
0.6353368267375775,2008-05-23T10:25:29Z
0.6350726273654983,2008-05-23T12:07:01Z
0.6345127982421457,2008-05-27T14:12:49Z
0.6397559896327202,2008-05-28T09:43:44Z
0.639321039343705,2008-05-28T10:00:53Z
0.6412360215556179,2008-05-28T14:54:01Z
0.640276906059495,2008-05-29T09:44:36Z
0.6393874414338482,2008-05-31T05:20:54Z
0.6393200845246727,2008-05-31T05:24:46Z
0.6387224189594116,2008-05-31T05:36:34Z
0.6370069219095092,2008-05-31T06:10:56Z
0.6379835945151812,2008-05-31T13:36:04Z
0.6383807165584752,2008-05-31T13:56:36Z
0.6383768327553689,2008-06-01T08:11:17Z
0.639686369119421,2008-06-01T08:45:03Z
0.6413595364673556,2008-06-01T10:32:15Z
0.6418395935229593,2008-06-01T10:53:10Z
0.6410405378167202,2008-06-01T11:27:35Z
0.6402962752782753,2008-06-01T11:43:20Z
0.6401297787968867,2008-06-02T05:07:40Z
0.6401297787968867,2008-06-02T05:12:23Z
0.6395253898792916,2008-06-02T05:38:08Z
0.6389361627210948,2008-06-02T06:30:36Z
0.6386550678390633,2008-06-02T06:36:09Z
0.6378724325336235,2008-06-02T07:04:11Z
0.6389225901953386,2008-06-02T07:36:26Z
0.6420660191505932,2008-06-02T08:31:01Z
0.6440982454549576,2008-06-02T09:52:54Z
0.6439121394618911,2008-06-02T23:43:34Z
0.6434054549777521,2008-06-02T23:50:01Z
0.6430705337844719,2008-06-03T08:09:59Z
0.6427879033803356,2008-06-03T08:24:53Z
0.642711837663911,2008-06-03T09:18:22Z
0.6427986677282973,2008-06-05T08:19:22Z
0.6470749658348106,2008-06-05T09:27:30Z
0.6509967046620928,2008-06-05T11:19:29Z
0.6517995864005057,2008-06-05T13:31:48Z
0.6533286118980169,2008-06-05T14:21:40Z
0.6533251589512127,2008-06-06T23:02:02Z
0.6516339525338104,2008-06-06T23:47:15Z
0.6512192941399204,2008-06-07T00:11:46Z
0.6492915032679738,2008-06-07T01:20:35Z
0.6491900158108914,2008-06-07T01:55:08Z
0.6481992612353786,2008-06-07T02:37:21Z
0.6478601101342866,2008-06-07T03:10:36Z
0.6492680489632775,2008-06-07T04:11:53Z
0.6483945617587503,2008-06-07T04:28:27Z
0.6484482844232583,2008-06-07T04:46:47Z
0.6544331360026441,2008-06-07T07:01:18Z
0.6544331360026441,2008-06-07T07:06:45Z
0.6557392067425916,2008-06-07T08:09:07Z
0.6551821981118918,2008-06-07T08:23:48Z
0.654664492301789,2008-06-07T08:44:32Z
0.6538083996916314,2008-06-07T08:59:10Z
0.6544171898875174,2008-06-07T09:23:50Z
0.6551738817830924,2008-06-07T09:49:21Z
0.6543124170598208,2008-06-07T09:59:15Z
0.6554292893777015,2008-06-07T10:31:29Z
0.6550761171581053,2008-06-07T10:38:27Z
0.6550730477645229,2008-06-07T10:44:52Z
0.655066909063648,2008-06-08T02:06:06Z
0.6575617891640222,2008-06-08T02:51:08Z
0.6573814612888185,2008-06-08T03:16:50Z
0.6567666038700525,2008-06-08T03:31:08Z
0.6571833102702505,2008-06-08T03:54:55Z
0.6573582874528461,2008-06-08T04:14:38Z
0.6577415124052081,2008-06-08T04:36:45Z
0.6590998113538848,2008-06-08T05:11:07Z
0.6582433295263447,2008-06-08T05:19:58Z
0.6579617377584136,2008-06-08T05:37:17Z
0.6576620056932695,2008-06-08T05:53:20Z
0.6580009961222384,2008-06-08T06:17:06Z
0.6595960442138029,2008-06-08T07:08:32Z
0.6606389127274638,2008-06-08T07:39:05Z
0.6607706968122601,2008-06-08T08:42:38Z
0.66066721010094,2008-06-08T09:03:33Z
0.6598325164106206,2008-06-08T09:22:31Z
0.6593536180800331,2008-06-08T09:46:54Z
0.6599876298224364,2008-06-08T10:13:27Z
0.6592429241336702,2008-06-08T10:24:37Z
0.658728559608682,2008-06-08T10:31:23Z
0.6594977649560448,2008-06-08T11:16:56Z
0.6594921443881486,2008-06-08T14:07:31Z
0.6587866438079356,2008-06-09T01:49:03Z
0.6581314173609518,2008-06-09T02:01:44Z
0.6573986924779324,2008-06-09T02:16:07Z
0.6583156750654023,2008-06-09T02:44:19Z
0.6579122088967703,2008-06-09T03:05:35Z
0.6585170139672509,2008-06-09T03:51:34Z
0.658062068189115,2008-06-09T04:15:07Z
0.657502382270085,2008-06-09T04:31:48Z
0.6579279730675424,2008-06-09T05:03:02Z
0.6571524290878409,2008-06-09T05:11:45Z
0.6567096936856507,2008-06-09T05:31:39Z
0.6578094832946104,2008-06-09T08:53:04Z
0.6575265352075905,2008-06-09T10:50:49Z
0.6586610134171168,2008-06-09T12:07:15Z
0.6595857883224624,2008-06-09T14:02:33Z
0.6606012658227848,2008-06-09T15:06:13Z
0.6602252800447916,2008-06-09T15:51:23Z
0.6587759882415447,2008-06-14T03:03:01Z
0.6581931512417972,2008-06-14T03:14:31Z
0.6576665352778873,2008-06-14T03:31:53Z
0.6575907305667853,2008-06-14T04:07:15Z
0.657149215021255,2008-06-14T04:18:46Z
0.6587515747087502,2008-06-14T09:54:49Z
0.6580925668331319,2008-06-14T13:51:01Z
0.6578836704463227,2008-06-14T14:16:39Z
0.6573883252473993,2008-06-15T04:35:31Z
0.6572739955462633,2008-06-15T04:42:04Z
0.6566830981925321,2008-06-15T04:50:06Z
0.6560858341887568,2008-06-15T04:57:47Z
0.65561892032933,2008-06-20T01:42:47Z
0.6549977694386858,2008-06-20T01:56:25Z
0.6550498955760875,2008-06-20T02:14:41Z
0.6557029118563177,2008-06-20T03:01:28Z
0.6554969823687293,2008-06-20T03:26:00Z
0.6548671911152244,2008-06-20T03:35:43Z
0.6560877494888879,2008-06-20T04:20:37Z
0.6553787274991093,2008-06-20T04:29:12Z
0.6558832776433257,2008-06-20T05:01:02Z
0.6551899159418385,2008-06-20T05:11:44Z
0.6557474752246768,2008-06-20T05:55:53Z
0.6551397527925156,2008-06-20T06:10:55Z
0.6548997130512698,2008-06-20T06:26:13Z
0.6543217926148095,2008-06-20T06:38:43Z
0.6537731242879619,2008-06-20T06:49:54Z
0.6534063839923773,2008-06-20T07:08:18Z
0.6532946545543542,2008-06-20T07:28:35Z
0.6525759482293726,2008-06-20T08:08:30Z
0.653398933051102,2008-06-20T09:00:01Z
0.6541822410794624,2008-06-20T09:37:53Z
0.6551957332589675,2008-06-20T11:17:15Z
0.6551843137254902,2008-06-20T11:20:36Z
0.6558683671098131,2008-06-21T06:07:41Z
0.6554671596526941,2008-06-21T06:22:31Z
0.6551402965303602,2008-06-21T06:47:54Z
0.6551451368826524,2008-06-21T07:05:39Z
0.6543484682976428,2008-06-21T07:15:06Z
0.6539463701496432,2008-06-21T07:26:08Z
0.6538374625087309,2008-06-21T07:46:28Z
0.6535980148883375,2008-06-21T07:58:37Z
0.6536015069409372,2008-06-21T08:16:07Z
0.6530366827460279,2008-06-22T04:42:34Z
0.6526216879077041,2008-06-22T05:08:21Z
0.6520820065312538,2008-06-22T06:26:23Z
0.6518163495048771,2008-06-22T06:55:40Z
0.653276842397652,2008-06-22T08:16:49Z
0.6548464142281514,2008-06-22T09:16:28Z
0.6543321269700156,2008-06-22T09:50:41Z
0.654909834197952,2008-06-22T10:35:44Z
0.6534607555223773,2008-06-22T11:04:46Z
0.6530612915630022,2008-06-22T11:11:15Z
0.6524921872948344,2008-06-22T11:22:52Z
0.6521377267484534,2008-06-22T11:42:31Z
0.6519541657812576,2008-06-22T12:06:28Z
0.65143027004779,2008-06-22T12:16:15Z
0.651582738029343,2008-06-22T12:35:52Z
0.6514130583387043,2008-06-22T12:49:42Z
0.6510866736074961,2008-06-22T13:10:38Z
0.6510824369961153,2008-06-28T08:17:24Z
0.6522159767034625,2008-06-28T09:11:11Z
0.651591888809418,2008-06-28T09:24:31Z
0.6522335648770005,2008-06-29T03:30:52Z
0.6521522241728303,2008-06-29T06:22:38Z
0.6521184481191498,2008-06-29T06:40:53Z
0.651591695281294,2008-06-29T07:21:00Z
0.651589619771742,2008-06-29T07:27:14Z
0.6528280267276935,2008-06-29T08:26:44Z
0.6524026280078321,2008-06-29T08:57:29Z
0.6524475061270452,2008-06-29T10:39:15Z
0.6519118745097051,2008-06-29T11:30:26Z
0.6519036592473576,2008-06-29T11:42:08Z
0.6517408087310768,2008-06-29T11:57:27Z
0.6519345671701648,2008-06-29T12:33:00Z
0.6516548492972215,2008-06-30T07:18:27Z
0.6527397217717634,2008-07-06T06:47:19Z
0.6522351874788526,2008-07-06T09:04:10Z
0.6517406765525644,2008-07-06T09:18:01Z
0.651401391320515,2008-07-06T09:24:18Z
0.6513350272322064,2008-07-06T09:50:52Z
0.6517414773689543,2008-07-06T10:35:16Z
0.6535032236379748,2008-07-06T11:30:29Z
0.653050886765047,2008-07-06T11:50:13Z
0.6527055927566521,2008-07-06T12:02:46Z
0.6523984319640896,2008-07-06T12:15:21Z
0.6520638197744144,2008-07-12T02:02:51Z
0.6518463976534826,2008-07-12T02:18:03Z
0.6533959959321463,2008-07-12T03:00:44Z
0.6533920641224681,2008-07-12T03:19:25Z
0.6531012414589549,2008-07-12T03:29:40Z
0.6525814262282278,2008-07-12T03:38:52Z
0.6521754781732223,2008-07-12T04:02:43Z
0.6525332268008658,2008-07-12T04:55:54Z
0.6523990211361854,2008-07-12T12:34:15Z
0.6519436522443245,2008-07-12T12:52:23Z
0.6513816311902758,2008-07-12T13:10:18Z
0.6512479854416566,2008-07-12T14:27:31Z
0.6531089680238132,2008-07-12T15:15:54Z
0.6530223604934202,2008-07-13T08:13:45Z
0.6530004721919974,2008-07-13T09:12:56Z
0.6524531940020337,2008-07-13T09:20:51Z
0.6524474581833952,2008-07-13T09:47:13Z
0.6521646162858816,2008-07-13T09:54:38Z
0.6516603416947804,2008-07-13T10:04:44Z
0.6512702888281786,2008-07-13T10:15:47Z
0.650715105229508,2008-07-13T10:24:00Z
0.6510232589206629,2008-07-13T12:29:29Z
0.6508115766156776,2008-07-13T12:34:25Z
0.6515974122412891,2008-07-13T13:05:37Z
0.6513565113410876,2008-07-14T06:31:39Z
0.6511609104795234,2008-07-14T06:41:49Z
0.6518198022079117,2008-07-14T07:20:36Z
0.651568795369769,2008-07-16T07:44:34Z
0.6511077175679012,2008-07-16T08:07:48Z
0.650600613087028,2008-07-16T09:59:53Z
0.6504868286752985,2008-07-18T09:26:06Z
0.6504439366877764,2008-07-18T09:29:46Z
0.6511759317129134,2008-07-18T10:13:26Z
0.6516499356060284,2008-07-18T13:46:57Z
0.6516499356060284,2008-07-18T13:52:18Z
0.6515906564744878,2008-07-18T13:56:36Z
0.6511279092559293,2008-07-18T14:04:23Z
0.6508162964307594,2008-07-18T14:34:22Z
0.6500874009479533,2008-07-18T15:17:44Z
0.6498544937258374,2008-07-18T15:32:14Z
0.649647376384502,2008-07-19T11:58:32Z
0.6493257671456022,2008-07-19T12:17:48Z
0.6499373807502543,2008-07-19T13:12:55Z
0.6501515384293076,2008-07-23T09:38:32Z
0.6497156855632997,2008-07-23T10:35:06Z
0.6511919213146666,2008-07-23T14:42:36Z
0.6507341973549007,2008-07-24T00:05:01Z
0.6503546275376352,2008-07-24T00:19:01Z
0.649924324503147,2008-07-24T02:58:56Z
0.64951757864129,2008-07-24T04:54:54Z
0.6495086363799071,2008-07-25T10:30:00Z
0.6492331123897916,2008-07-25T10:48:45Z
0.6491173678521063,2008-07-25T11:55:59Z
0.6491084632205069,2008-07-25T13:39:47Z
0.6489393216266478,2008-07-25T14:14:11Z
0.6486416906083703,2008-07-26T00:39:59Z
0.6465766700149994,2008-07-26T01:38:05Z
0.6435973533132237,2008-07-27T01:25:47Z
0.6442496985257978,2008-07-27T02:43:57Z
0.6438122783200347,2008-07-27T02:56:42Z
0.6433805398915071,2008-07-27T03:06:32Z
0.6440551750644581,2008-07-27T03:56:27Z
0.6440145740447768,2008-07-27T04:22:27Z
0.6437942734370015,2008-07-27T04:39:52Z
0.6434658374206981,2008-07-27T04:55:12Z
0.6429583519072789,2008-07-27T05:03:27Z
0.643919711035772,2008-07-27T05:39:47Z
0.6440767679108448,2008-07-27T06:03:07Z
0.6454713909579619,2008-07-27T06:55:07Z
0.6453452527743526,2008-07-27T07:20:12Z
0.6453582934534422,2008-07-27T07:42:57Z
0.6472199872195216,2008-07-27T08:35:07Z
0.6454461299264548,2008-07-27T12:06:11Z
0.6453002907562982,2008-07-27T12:23:51Z
0.6449332826759346,2008-07-28T00:00:23Z
0.6448757304722956,2008-07-28T06:29:14Z
0.644415682357857,2008-07-28T06:38:34Z
0.6440300768727386,2008-07-28T06:46:29Z
0.6444250990464636,2008-07-28T07:29:04Z
0.6440899820401206,2008-07-28T07:35:54Z
0.6442809543928535,2008-07-28T07:57:14Z
0.6459493890350447,2008-07-29T13:06:49Z
0.6459828211261037,2008-07-29T13:25:29Z
0.645523070409904,2008-07-29T13:36:08Z
0.647566713142806,2008-07-29T14:45:44Z
0.6472691048387498,2008-07-29T15:09:14Z
0.6472047930607926,2008-07-29T15:14:04Z
0.6470907657289079,2008-07-29T15:46:44Z
0.6470907657289079,2008-07-31T10:48:07Z
0.6469989877415251,2008-07-31T11:06:27Z
0.6473126929331264,2008-07-31T14:57:48Z
0.6483564236839974,2008-08-02T09:13:00Z
0.6486979976160347,2008-08-02T10:05:50Z
0.6488532658850873,2008-08-02T10:28:13Z
0.6484448196439725,2008-08-02T12:45:07Z
0.6487173623208151,2008-08-02T13:07:55Z
0.6496207718237824,2008-08-02T13:42:57Z
0.6492560071252929,2008-08-02T13:50:41Z
0.6498637733574443,2008-08-02T14:20:59Z
0.6498967871698512,2008-08-02T14:40:55Z
0.6506310035049104,2008-08-02T16:10:21Z
0.6502840691713214,2008-08-03T03:20:13Z
0.6503359355614514,2008-08-03T03:53:03Z
0.6502521577739502,2008-08-03T03:59:53Z
0.6509255079006772,2008-08-03T04:32:30Z
0.650590048614591,2008-08-03T10:21:01Z
0.650590048614591,2008-08-03T11:59:06Z
0.6504536929682925,2008-08-03T12:35:32Z
0.6511814233635984,2008-08-03T13:22:30Z
0.6518564974507276,2008-08-08T01:13:17Z
0.6518018404438581,2008-08-08T01:33:18Z
0.6515450346366799,2008-08-08T02:00:56Z
0.6529554454419174,2008-08-08T02:53:12Z
0.6525381008611105,2008-08-08T03:04:36Z
0.652691764543795,2008-08-08T03:39:48Z
0.6523110665525682,2008-08-08T03:50:22Z
0.6527206987163214,2008-08-08T04:16:58Z
0.6536630891273915,2008-08-08T05:25:30Z
0.6574034747082499,2008-08-08T11:27:34Z
0.6571053369998316,2008-08-09T01:33:01Z
0.6588229524495259,2008-08-09T02:33:13Z
0.6586184097754487,2008-08-09T02:46:43Z
0.6584751620926568,2008-08-09T03:09:43Z
0.6601328111547241,2008-08-09T05:38:40Z
0.6615536178970604,2008-08-09T11:35:57Z
0.6613144988451238,2008-08-09T11:51:49Z
0.6613116004277625,2008-08-09T12:01:33Z
0.6626200742068947,2008-08-10T02:23:11Z
0.6635687692037479,2008-08-10T03:21:39Z
0.663316865885961,2008-08-10T03:39:51Z
0.663316865885961,2008-08-10T04:08:37Z
0.6631486291548708,2008-08-10T06:03:24Z
0.6639080499302464,2008-08-10T07:49:33Z
0.6635553560574984,2008-08-10T07:59:39Z
0.667282602727576,2008-08-10T10:31:08Z
0.6678163628634801,2008-08-10T11:05:10Z
0.6680477357717116,2008-08-10T12:00:42Z
0.6679918523041918,2008-08-10T12:07:14Z
0.6679695015349612,2008-08-10T12:17:32Z
0.6688329361608414,2008-08-10T13:15:09Z
0.6684521177318128,2008-08-10T14:01:01Z
0.6693891525437712,2008-08-11T09:46:39Z
0.669223520581643,2008-08-11T09:51:44Z
0.6691500092636433,2008-08-11T13:19:49Z
0.6687438922777817,2008-08-11T13:29:24Z
0.6700774534246603,2008-08-11T14:21:18Z
0.6703134849316298,2008-08-12T10:19:54Z
0.6699808811000094,2008-08-12T10:43:44Z
0.6699808811000094,2008-08-12T12:48:47Z
0.6701258187778476,2008-08-12T13:19:52Z
0.6705007410651468,2008-08-12T13:48:57Z
0.6701814187628181,2008-08-16T05:48:03Z
0.6705415705181311,2008-08-16T06:18:23Z
0.6704049039646973,2008-08-16T06:39:03Z
0.670114196049325,2008-08-16T06:46:38Z
0.670114196049325,2008-08-16T07:02:23Z
0.670545706048165,2008-08-16T10:42:23Z
0.6704850437960753,2008-08-16T10:47:33Z
0.6701684302748496,2008-08-16T12:44:21Z
0.6703935025576063,2008-08-16T13:10:46Z
0.6706437902093988,2008-08-16T13:35:36Z
0.6708534094897731,2008-08-16T14:03:46Z
0.6711651618743598,2008-08-17T03:15:55Z
0.6712418326551152,2008-08-17T03:45:20Z
0.6709140738606879,2008-08-17T04:23:15Z
0.6706031310274645,2008-08-17T04:32:40Z
0.6709977309103493,2008-09-04T09:40:50Z
0.6709977309103493,2008-09-04T09:45:08Z
0.6711462853824482,2008-09-04T10:41:25Z
0.6711357518971051,2008-09-04T12:55:07Z
0.6714187322433454,2008-09-04T13:21:37Z
0.6720683066170089,2008-09-04T14:13:23Z
0.6716971151415203,2008-09-08T09:27:50Z
0.6714995551722397,2008-09-12T08:14:31Z
0.6727004134781536,2008-09-12T09:19:47Z
0.6726244117352558,2008-09-12T09:36:33Z
0.672608869787575,2008-09-12T10:13:36Z
0.6722546133271758,2008-09-12T13:38:53Z
0.6729811676588177,2008-09-12T14:19:03Z
0.672911524368743,2008-09-12T14:23:09Z
0.6725750484492413,2008-09-13T03:46:28Z
0.6725750484492413,2008-09-13T03:57:13Z
0.6723807483521486,2008-09-13T04:50:29Z
0.6722971616108877,2008-09-13T05:13:39Z
0.6721560403165271,2008-09-13T05:36:04Z
0.6719571061957718,2008-09-13T13:41:07Z
0.6717647013908243,2008-09-13T13:55:27Z
0.6730059532849376,2008-09-15T07:51:21Z
0.6726818839713713,2008-09-15T08:14:20Z
0.6727057210699124,2008-09-15T08:37:55Z
0.6726802464507382,2008-09-15T08:45:00Z
0.67264203813938,2008-09-15T08:49:30Z
0.6723238042610207,2008-09-15T08:58:05Z
0.6720849686547637,2008-09-15T09:10:29Z
0.671893087188629,2008-09-15T09:48:49Z
0.6720913057567239,2008-09-15T11:07:51Z
0.671804351345348,2008-09-15T11:25:11Z
0.6715716233369377,2008-09-15T12:18:40Z
0.6715396870021554,2008-09-15T12:55:55Z
0.6714117360968218,2008-09-15T20:39:51Z
0.6716214576976551,2008-09-16T06:27:33Z
0.6713754923780346,2008-09-16T19:05:40Z
0.6711192612726663,2008-09-17T03:31:24Z
0.6712993663937943,2008-09-17T04:08:11Z
0.6708215223876167,2008-09-17T05:24:35Z
0.6707020758832519,2008-09-17T05:29:19Z
0.6708062921814204,2008-09-17T05:52:11Z
0.6708602321396238,2008-09-17T17:00:36Z
0.6706102346942919,2008-09-18T03:37:21Z
0.670667420877009,2008-09-18T03:58:04Z
0.6712896409024898,2008-09-18T08:08:55Z
0.670947274942387,2008-09-18T08:18:55Z
0.6708588243269736,2008-09-18T08:36:50Z
0.670496309223188,2008-09-18T11:54:48Z
0.6705171140473387,2008-09-18T12:14:23Z
0.6704338016239266,2008-09-18T12:31:05Z
0.6710361400196099,2008-09-18T13:07:05Z
0.6708646165698794,2008-09-19T04:05:03Z
0.6705499761227309,2008-09-19T05:50:26Z
0.6702369719843229,2008-09-19T06:14:18Z
0.6703810267060918,2008-09-19T18:08:09Z
0.6706072140197737,2008-09-19T18:41:59Z
0.6707255291875724,2008-09-20T04:09:32Z
0.6706952997678007,2008-09-20T04:29:37Z
0.6704396443650302,2008-09-20T04:46:27Z
0.6704336063373927,2008-09-20T04:50:52Z
0.6710279736347057,2008-09-20T06:29:17Z
0.6717151666022863,2008-09-20T07:11:49Z
0.6721449153388586,2008-09-20T07:43:57Z
0.6719352440913442,2008-09-21T07:04:17Z
0.6718485487703934,2008-09-23T11:43:46Z
0.6717289740418072,2008-09-23T13:51:16Z
0.6718829645337923,2008-09-29T00:34:07Z
0.6720869462141491,2008-09-29T01:33:57Z
0.6716126677522601,2008-09-29T03:05:04Z
0.6714200707060101,2008-09-29T03:36:34Z
0.6712551966238116,2008-09-29T03:52:18Z
0.6716136861339321,2008-09-29T04:43:34Z
0.671810466908605,2008-09-29T05:20:15Z
0.6723272010877105,2008-09-29T06:03:08Z
0.6724578984717102,2008-09-29T06:28:56Z
0.6722158974909079,2008-09-29T06:35:52Z
0.6722106674221433,2008-09-29T06:54:36Z
0.6719553705199638,2008-09-29T07:06:56Z
0.6717265261495056,2008-09-29T07:23:56Z
0.6719243119344991,2008-09-29T08:06:04Z
0.671904907543273,2008-09-29T08:35:24Z
0.6725820975755065,2008-09-29T09:14:58Z
0.6725731161284176,2008-09-29T10:30:58Z
0.6726194917151055,2008-09-29T11:09:34Z
0.6727976635656344,2008-09-29T12:40:56Z
0.6734999393097496,2008-09-29T13:21:09Z
0.6734976684907397,2008-09-29T13:35:59Z
0.6732820104892748,2008-09-30T02:46:46Z
0.6730728431772032,2008-09-30T03:02:02Z
0.6728530550412388,2008-09-30T03:08:30Z
0.6725376990936068,2008-09-30T03:19:58Z
0.6722640183222742,2008-09-30T03:27:10Z
0.6722339394630337,2008-09-30T04:00:34Z
0.672182099820958,2008-09-30T04:04:40Z
0.6718936903792608,2008-09-30T06:36:25Z
0.671597410229493,2008-09-30T07:33:25Z
0.6713641884228171,2008-09-30T08:01:24Z
0.6713186945365124,2008-09-30T08:19:18Z
0.671228351186305,2008-09-30T08:39:04Z
0.6713737140268902,2008-09-30T09:12:44Z
0.6711256117455139,2008-09-30T09:20:08Z
0.6710522378382692,2008-09-30T09:37:02Z
0.6726070600752365,2008-09-30T14:10:51Z
0.672392664380892,2008-10-01T08:01:17Z
0.6725224185678491,2008-10-01T08:31:25Z
0.6727755063105854,2008-10-01T09:16:05Z
0.6730338811730421,2008-10-01T09:42:37Z
0.6729462550272216,2008-10-01T09:58:57Z
0.6726706507565183,2008-10-01T10:12:39Z
0.6725725901162457,2008-10-02T02:08:21Z
0.6733066038736503,2008-10-02T02:54:45Z
0.6730304774733491,2008-10-02T03:05:33Z
0.6733222380029706,2008-10-02T03:33:09Z
0.673046939143809,2008-10-02T03:44:11Z
0.6728262193883767,2008-10-02T08:30:28Z
0.6728310254160171,2008-10-02T08:52:36Z
0.6728157465755091,2008-10-02T10:27:09Z
0.6734214172204915,2008-10-02T11:47:58Z
0.6732816295566979,2008-10-06T17:40:42Z
0.6734536082474227,2008-10-07T04:49:13Z
0.6733972025539098,2008-10-08T04:05:57Z
0.6732388832170152,2008-10-08T04:11:59Z
0.6735432838122655,2008-10-08T05:00:29Z
0.673621312327203,2008-10-08T18:26:17Z
0.6737429487959329,2008-10-09T04:43:41Z
0.6730642170209099,2008-10-11T05:34:48Z
0.6732088039201978,2008-10-11T06:38:44Z
0.6730677045469697,2008-10-11T07:00:16Z
0.6730655678376645,2008-10-11T07:06:20Z
0.6729566136491321,2008-10-12T00:39:16Z
0.672936757609135,2008-10-12T00:58:02Z
0.6728594878061521,2008-10-12T01:23:38Z
0.6727999936764392,2008-10-12T01:50:22Z
0.6725348719269336,2008-10-12T02:01:08Z
0.672195466573311,2008-10-12T02:29:59Z
0.6719489671778773,2008-10-12T02:43:01Z
0.6717182060208888,2008-10-12T02:50:17Z
0.6714867706877228,2008-10-12T03:02:13Z
0.6711863660106862,2008-10-12T03:12:21Z
0.6709710093867177,2008-10-12T03:19:09Z
0.6706597369604246,2008-10-12T03:28:05Z
0.6703519543953491,2008-10-12T04:02:17Z
0.6702640671737726,2008-10-12T04:26:57Z
0.6707146936826435,2008-10-12T06:02:23Z
0.6708352026319725,2008-10-12T06:36:51Z
0.6713305260219157,2008-10-12T07:28:18Z
0.671427332747024,2008-10-12T16:23:27Z
0.6713892058897208,2008-10-13T03:38:22Z
0.6719575903971045,2008-10-13T04:18:21Z
0.6717036416266005,2008-10-13T09:49:45Z
0.6718814143318178,2008-10-13T10:48:14Z
0.6722742426705353,2008-10-13T11:43:07Z
0.6720516318928117,2008-10-13T11:50:25Z
0.6717597955393753,2008-10-13T12:02:51Z
0.6717085771651037,2008-10-14T02:29:31Z
0.6714845626413166,2008-10-14T02:44:23Z
0.6713494050293588,2008-10-14T03:10:48Z
0.6714312306795607,2008-10-14T10:31:20Z
0.6719555309451803,2008-10-15T04:03:48Z
0.6719657415945228,2008-10-15T12:40:04Z
0.6720888372636109,2008-10-15T13:03:35Z
0.6721549248222183,2008-10-15T13:24:21Z
0.671974850078253,2008-10-15T13:30:30Z
0.672376181871157,2008-10-15T15:24:58Z
0.6731263565273502,2008-10-16T03:48:14Z
0.6728328705172365,2008-10-16T08:33:56Z
0.6731131275886226,2008-10-16T09:05:44Z
0.6732346488765096,2008-10-16T09:44:34Z
0.6732043054494116,2008-10-16T10:32:14Z
0.6730597687306784,2008-10-17T02:21:45Z
0.6729667606979208,2008-10-17T06:14:08Z
0.6732816720621126,2008-10-17T10:35:33Z
0.6730214290923108,2008-10-18T02:54:57Z
0.6727882506042016,2008-10-18T03:09:15Z
0.6725115686545576,2008-10-18T04:18:53Z
0.6732555952326292,2008-10-18T05:26:53Z
0.6730502429006529,2008-10-18T05:39:21Z
0.673034978891411,2008-10-18T06:50:11Z
0.67295213814842,2008-10-18T07:07:21Z
0.672694661165199,2008-10-18T07:17:13Z
0.6725833639343972,2008-10-18T07:32:51Z
0.6728280145105628,2008-10-18T07:59:45Z
0.6729803933666206,2008-10-18T08:23:39Z
0.6727471639928044,2008-10-18T08:31:31Z
0.6725518536724946,2008-10-18T08:47:15Z
0.6724692148823929,2008-10-18T09:03:19Z
0.6725095099885983,2008-10-18T09:25:19Z
0.6725477730278783,2008-10-18T09:52:49Z
0.6728342041674626,2008-10-18T10:21:49Z
0.6725934303282213,2008-10-18T11:12:29Z
0.6733226547081554,2008-10-18T12:04:21Z
0.6730685201556769,2008-10-18T12:14:55Z
0.6730449987023926,2008-10-18T13:53:28Z
0.6728498936850207,2008-10-19T02:02:20Z
0.672676345330955,2008-10-19T02:11:48Z
0.6726315103129007,2008-10-19T02:20:36Z
0.6725820480572878,2008-10-19T02:53:39Z
0.6723252345803301,2008-10-19T03:03:47Z
0.6722127571641819,2008-10-19T03:22:27Z
0.6720162190495856,2008-10-19T05:05:57Z
0.6717688130221631,2008-10-19T05:18:58Z
0.6718974437290465,2008-10-19T05:41:54Z
0.6718974437290465,2008-10-19T12:54:52Z
0.6720001610979979,2008-10-19T13:16:45Z
0.671743346382039,2008-10-19T13:33:53Z
0.6721881460962524,2008-10-19T15:03:26Z
0.6721943755228704,2008-10-20T02:09:42Z
0.6723510560087935,2008-10-20T09:46:44Z
0.672249333091643,2008-10-20T10:56:57Z
0.6725264552148462,2008-10-20T11:37:23Z
0.6722840151111845,2008-10-21T03:09:12Z
0.6723737056481068,2008-10-21T03:35:26Z
0.6729559481102403,2008-10-22T06:17:34Z
0.6727821775730308,2008-10-22T06:48:18Z
0.672582735360029,2008-10-22T07:04:52Z
0.6726677138482227,2008-10-22T07:41:04Z
0.6728327171512931,2008-10-22T08:08:58Z
0.6727814905676339,2008-10-22T08:21:26Z
0.6732118147352316,2008-10-22T10:26:48Z
0.6732118147352316,2008-10-22T10:29:50Z
0.6735167217393134,2008-10-22T11:20:25Z
0.6735648063173322,2008-10-22T17:01:10Z
0.6736931036942647,2008-10-23T03:04:30Z
0.673686092791095,2008-10-23T17:24:10Z
0.6738301869162788,2008-10-24T01:24:42Z
0.6735684127331499,2008-10-24T04:54:32Z
0.6735496352918711,2008-10-24T04:59:02Z
0.6734073414862074,2008-10-24T06:16:30Z
0.6735097118495827,2008-10-24T11:23:02Z
0.6732606934013864,2008-10-26T10:47:25Z
0.6746839933685886,2008-10-26T12:59:35Z
0.6744437958903751,2008-10-26T13:08:45Z
0.674248284896749,2008-10-26T13:24:57Z
0.6741590060297811,2008-10-26T13:49:01Z
0.6739398980627516,2008-10-26T14:00:19Z
0.6740519425878898,2008-10-31T04:14:34Z
0.6741833066352604,2008-10-31T04:44:51Z
0.6739205901199368,2008-11-01T03:43:20Z
0.6738124058403326,2008-11-01T04:01:20Z
0.6739268190869836,2008-11-01T04:42:00Z
0.6737313355234262,2008-11-01T04:50:02Z
0.6736388004576402,2008-11-01T05:06:10Z
0.6735321791879649,2008-11-01T05:20:34Z
0.673375849399737,2008-11-01T05:34:16Z
0.6733427535786692,2008-11-01T05:41:40Z
0.6735259847777649,2008-11-01T06:10:22Z
0.6733299467636696,2008-11-01T13:57:34Z
0.6735518036784465,2008-11-01T14:43:14Z
0.6734618220630711,2008-11-01T21:31:02Z
0.6734172064159517,2008-11-02T20:35:14Z
0.6733434781842794,2008-11-03T02:01:08Z
0.6732221260971459,2008-11-03T06:23:38Z
0.6731292834448533,2008-11-03T09:26:18Z
0.6729650278763305,2008-11-03T09:49:06Z
0.6728531515558263,2008-11-03T10:24:09Z
0.6726855913735035,2008-11-03T10:58:37Z
0.6728341991289571,2008-11-03T17:58:30Z
0.6732136106366949,2008-11-04T13:34:29Z
0.6733325659585403,2008-11-04T14:49:57Z
0.6741574082469718,2008-11-04T15:48:15Z
0.6740154058226437,2008-11-04T16:39:09Z
0.6739979174045855,2008-11-05T07:03:34Z
0.6741590210002153,2008-11-05T07:28:18Z
0.674619231462724,2008-11-05T08:08:32Z
0.6750478059514773,2008-11-05T08:43:52Z
0.6749408077626391,2008-11-05T09:13:10Z
0.6748819561328644,2008-11-05T10:19:11Z
0.6755512188441523,2008-11-05T11:04:01Z
0.6753152228276607,2008-11-05T15:03:41Z
0.6754193453429144,2008-11-06T18:29:21Z
0.675364318471505,2008-11-06T18:39:43Z
0.675256065964905,2008-11-06T18:49:19Z
0.6752271689317942,2008-11-07T06:35:40Z
0.6751664003125455,2008-11-17T01:37:59Z
0.6753115699039571,2008-11-17T04:30:59Z
0.6752058626222524,2008-11-17T05:03:10Z
0.6750786912363638,2008-11-17T05:17:06Z
0.6749279606633233,2008-11-17T05:32:24Z
0.6747477488879813,2008-11-17T07:25:54Z
0.6748708983184213,2008-11-18T01:20:17Z
0.6748244786413768,2008-11-18T04:41:56Z
0.6747185335529848,2008-11-18T05:06:43Z
0.6745869662150129,2008-11-18T05:16:39Z
0.6746161576032343,2008-11-18T05:45:47Z
0.6746288203944554,2008-11-18T16:28:52Z
0.6746498791704332,2008-11-19T02:02:05Z
0.6746569982447312,2008-11-20T02:26:15Z
0.6750566147295074,2008-11-20T11:32:38Z
0.6749274745677484,2008-11-20T12:36:26Z
0.6753431158819149,2008-11-20T13:15:59Z
0.6752857931023839,2008-11-21T01:02:05Z
0.6751548157695555,2008-11-21T01:22:25Z
0.6753083806408159,2008-11-21T01:57:55Z
0.6753429291130353,2008-11-22T03:39:21Z
0.6754919956764501,2008-11-22T04:13:40Z
0.6755423722967613,2008-11-22T14:50:01Z
0.6753656602949794,2008-11-23T17:49:53Z
0.6757542605260242,2008-11-24T02:03:58Z
0.6757471558274529,2008-11-24T15:58:14Z
0.6758570406961752,2008-11-25T02:00:52Z
0.6758539491062445,2008-11-25T04:27:49Z
0.6759178078026333,2008-11-25T05:00:11Z
0.6759888710491655,2008-11-25T15:32:23Z
0.6759324272522668,2008-11-26T01:50:16Z
0.676045111528249,2008-11-26T02:20:24Z
0.6762240196115521,2008-11-26T07:44:37Z
0.67638194371006,2008-11-26T08:14:17Z
0.6761404391870635,2008-11-26T09:05:53Z
0.6760303581263061,2008-11-26T15:03:01Z
0.6762206602234216,2008-11-26T15:50:43Z
0.6764070538763993,2008-11-27T02:34:00Z
0.676366918091309,2008-11-27T14:47:41Z
0.676286388158701,2008-11-28T04:46:43Z
0.6760821634269258,2008-11-28T12:01:29Z
0.6770823091312568,2008-11-28T13:02:08Z
0.6770822973644953,2008-11-28T14:10:13Z
0.677084290493137,2008-11-29T05:06:39Z
0.678147321263008,2008-11-29T09:07:52Z
0.6784117435140724,2008-11-29T12:11:31Z
0.6783463906953353,2008-11-30T16:16:24Z
0.6782895385525537,2008-12-01T01:57:41Z
0.6784761628221723,2008-12-01T02:30:05Z
0.6783449005059229,2008-12-01T16:09:03Z
0.6785790983088535,2008-12-01T16:38:29Z
0.6787266340684074,2008-12-02T15:55:17Z
0.6788006181169944,2008-12-03T02:33:05Z
0.6789787335915447,2008-12-03T15:35:07Z
0.6789323083493487,2008-12-04T02:14:36Z
0.678947811027192,2008-12-08T09:54:49Z
0.6797305453578337,2008-12-08T10:55:49Z
0.679570127371915,2008-12-08T11:11:53Z
0.6793352396041717,2008-12-08T11:21:03Z
0.679158123953505,2008-12-08T11:32:13Z
0.6789407540177398,2008-12-08T11:43:33Z
0.6787453744920269,2008-12-08T11:58:21Z
0.6785464752302843,2008-12-08T12:15:15Z
0.6784277425873158,2008-12-08T12:31:25Z
0.6784398231125947,2008-12-08T15:19:41Z
0.6785426801525916,2008-12-08T16:05:32Z
0.6786901561696093,2008-12-09T04:32:30Z
0.6787467313910406,2008-12-10T03:33:59Z
0.6786879288831561,2008-12-11T04:46:06Z
0.6786879288831561,2008-12-11T04:52:50Z
0.6784894341932621,2008-12-11T07:36:06Z
0.6784233387202393,2008-12-11T15:30:12Z
0.6783643140526622,2008-12-12T03:51:06Z
0.6779884787321809,2008-12-13T01:01:50Z
0.6778941840556704,2008-12-13T01:27:44Z
0.6780270997271871,2008-12-13T02:45:24Z
0.6778967355932001,2008-12-13T02:51:07Z
0.6777555138919885,2008-12-13T03:09:00Z
0.6776367805893738,2008-12-13T03:24:00Z
0.6780672439622164,2008-12-13T08:41:40Z
0.6781856810872817,2008-12-13T09:13:33Z
0.6786144104250563,2008-12-14T06:45:11Z
0.6786128043188335,2008-12-14T07:01:55Z
0.6783948010593764,2008-12-14T07:11:21Z
0.678280872100243,2008-12-14T07:20:49Z
0.6787455969196723,2008-12-14T12:22:58Z
0.6786199287048039,2008-12-14T12:37:10Z
0.6785641098116807,2008-12-14T12:57:02Z
0.6791697783539292,2008-12-14T13:46:08Z
0.6790828624328872,2008-12-15T09:19:53Z
0.6793474507527119,2008-12-15T10:06:23Z
0.679381343260025,2008-12-15T12:39:25Z
0.6794806535144967,2008-12-16T15:17:35Z
0.6794582313794736,2008-12-17T01:42:06Z
0.6799378679822037,2008-12-20T07:15:51Z
0.679848475554357,2008-12-20T07:32:31Z
0.6802058159469364,2008-12-20T08:51:49Z
0.6801034971117219,2008-12-20T09:05:51Z
0.6803518994231853,2008-12-20T09:37:21Z
0.6803509709745765,2008-12-20T13:51:06Z
0.6802379230223422,2008-12-20T14:05:34Z
0.6802254473010629,2008-12-20T15:00:47Z
0.6804365189252032,2008-12-21T09:35:51Z
0.6803216066191395,2008-12-21T10:31:59Z
0.680553231642701,2008-12-22T15:50:09Z
0.6804990578128749,2008-12-23T02:28:18Z
0.6803946003966016,2008-12-23T11:49:04Z
0.6812617185687759,2008-12-23T13:05:49Z
0.6810918586727014,2008-12-23T14:06:59Z
0.6811204231183288,2008-12-23T14:31:34Z
0.6809696498775175,2008-12-23T15:03:25Z
0.6809248867981798,2008-12-24T08:51:35Z
0.6808118393234672,2008-12-24T09:24:05Z
0.6808816126863579,2008-12-24T10:02:43Z
0.6807443895620702,2008-12-24T10:17:07Z
0.681409257507884,2008-12-24T14:19:06Z
0.6814179523471724,2008-12-24T14:53:36Z
0.6815218194148811,2008-12-24T15:24:05Z
0.6814659187094048,2008-12-25T01:47:42Z
0.6814812829207489,2008-12-25T18:06:49Z
0.6814326380899349,2008-12-26T01:55:34Z
0.6813641867528315,2008-12-26T05:58:07Z
0.6813186078091658,2008-12-26T09:54:03Z
0.6816388862029069,2008-12-26T10:47:45Z
0.6819699804683385,2008-12-26T11:46:50Z
0.6819952405642191,2008-12-26T12:07:25Z
0.6819905307683624,2008-12-26T15:56:35Z
0.681971766204359,2008-12-26T16:26:30Z
0.6819372291622712,2008-12-26T16:51:05Z
0.6817306503188877,2008-12-26T17:02:40Z
0.6816577539516959,2008-12-26T17:24:20Z
0.6815586471644673,2008-12-26T17:39:05Z
0.681343835445842,2008-12-26T17:50:15Z
0.6814362663414698,2008-12-26T18:22:20Z
0.681253424099943,2008-12-26T18:33:35Z
0.6810952975740197,2008-12-26T18:49:25Z
0.6811020508584784,2008-12-26T19:11:15Z
0.6809935942841643,2008-12-26T19:24:55Z
0.6809861157936005,2008-12-27T00:45:13Z
0.6806285474613784,2008-12-27T03:51:59Z
0.6806619644974556,2008-12-27T05:52:54Z
0.681619990484446,2008-12-27T07:46:44Z
0.6814712683609992,2008-12-27T07:58:41Z
0.6813677069199457,2008-12-27T08:05:11Z
0.681657150905171,2008-12-28T03:52:07Z
0.6817217797783933,2008-12-28T07:52:47Z
0.6820130676602408,2008-12-28T08:27:37Z
0.6827675874880799,2008-12-28T09:24:47Z
0.6827475711973849,2008-12-28T17:26:55Z
0.6826928242208065,2008-12-29T02:48:41Z
0.6827216140802748,2008-12-29T16:24:49Z
0.6826593410131079,2008-12-30T01:36:14Z
0.6828020358960621,2008-12-31T10:23:54Z
0.6828197652015311,2008-12-31T13:09:55Z
0.6828161108393551,2009-01-01T14:05:42Z
0.6828243103516487,2009-01-01T14:33:52Z
0.6829730260685367,2009-01-01T15:00:12Z
0.682761108644421,2009-01-01T15:10:02Z
0.6826373748277348,2009-01-01T15:26:12Z
0.6824393198189938,2009-01-01T15:35:47Z
0.682305752873453,2009-01-01T15:50:27Z
0.6822088947007484,2009-01-01T16:12:10Z
0.6820807095475825,2009-01-01T16:30:37Z
0.6819476042633891,2009-01-01T16:49:52Z
0.6817774451405493,2009-01-01T17:03:27Z
0.6818525455618839,2009-01-01T17:43:57Z
0.6818163478955158,2009-01-01T17:56:17Z
0.6820548258816148,2009-01-06T10:39:25Z
0.6819138557299043,2009-01-06T12:37:45Z
0.6817333159654378,2009-01-06T12:46:40Z
0.6820563659538309,2009-01-06T13:22:32Z
0.681962825781363,2009-01-11T13:36:39Z
0.6819412525666918,2009-01-12T04:04:15Z
0.6818189490741522,2009-01-12T04:12:20Z
0.6817995453074656,2009-01-12T16:43:47Z
0.6818773238114086,2009-01-13T02:12:13Z
0.6818830002481838,2009-01-13T04:30:57Z
0.6819327731092437,2009-01-13T05:06:20Z
0.6819133473609092,2009-01-14T12:39:17Z
0.6819089655750853,2009-01-14T18:22:05Z
0.6820095072560887,2009-01-15T02:08:14Z
0.6819577107226134,2009-01-15T08:26:25Z
0.6821358467489885,2009-01-15T08:55:45Z
0.6819853957347034,2009-01-15T09:07:10Z
0.6827089915406391,2009-01-15T10:05:02Z
0.6825989971394358,2009-01-15T10:11:07Z
0.6824093065591043,2009-01-15T10:21:02Z
0.6823171415867053,2009-01-15T10:30:12Z
0.6822533496496087,2009-01-15T10:35:02Z
0.6829012657021742,2009-01-15T12:52:58Z
0.6830173418654994,2009-01-16T02:49:06Z
0.6829513557311109,2009-01-16T04:24:53Z
0.6829836853901498,2009-01-16T06:10:00Z
0.6839838545179385,2009-01-16T17:18:49Z
0.6837025217284983,2009-01-16T17:35:29Z
0.6836603751485892,2009-01-16T17:41:24Z
0.6837160997946515,2009-01-17T02:55:45Z
0.683774289670951,2009-01-18T04:31:55Z
0.6836726745747217,2009-01-18T08:33:31Z
0.6834709355103781,2009-01-18T08:43:09Z
0.683299843715115,2009-01-18T08:56:06Z
0.6838861416978662,2009-01-18T09:53:36Z
0.683715070137948,2009-01-18T10:03:41Z
0.6836103746821333,2009-01-18T13:54:08Z
0.6838801583921121,2009-01-18T14:27:03Z
0.6838399609412746,2009-01-18T14:59:41Z
0.683821876579726,2009-01-18T15:03:29Z
0.6837788726554306,2009-01-19T07:17:33Z
0.6837333707019719,2009-01-20T06:08:35Z
0.6837036683816285,2009-01-20T10:23:14Z
0.6834991632435722,2009-01-20T10:34:41Z
0.6834934338521401,2009-01-21T06:58:28Z
0.6835181520490331,2009-01-21T18:54:12Z
0.6835341787819432,2009-01-22T05:19:37Z
0.6836779928526782,2009-01-22T05:48:25Z
0.6835040628820467,2009-01-22T05:56:49Z
0.6833840332954976,2009-01-22T06:11:17Z
0.6832066419436076,2009-01-22T06:23:55Z
0.6835449529549822,2009-01-22T07:18:41Z
0.6835449529549822,2009-01-22T11:24:23Z
0.6837785388700287,2009-01-22T12:12:23Z
0.6837643748703669,2009-01-22T12:35:19Z
0.683706143910293,2009-01-24T03:53:03Z
0.6835623216975991,2009-01-24T04:23:53Z
0.6834796309476262,2009-01-24T04:54:54Z
0.6833995874704657,2009-01-25T02:14:04Z
0.6832436626435673,2009-01-25T02:32:39Z
0.6830797466165391,2009-01-25T02:40:04Z
0.6830182983814623,2009-01-25T02:45:04Z
0.6830210120368355,2009-01-25T03:06:54Z
0.6827690048034613,2009-01-26T05:57:35Z
0.6837322785344789,2009-01-26T07:26:52Z
0.683566515208572,2009-01-26T07:35:00Z
0.6834426853016853,2009-01-26T07:53:28Z
0.6833042592462051,2009-01-26T08:00:16Z
0.6833302420982577,2009-01-26T08:20:56Z
0.6829885032415449,2009-01-26T08:49:40Z
0.6834847015777286,2009-01-26T14:31:44Z
0.6833118282969395,2009-01-28T03:56:36Z
0.6834142293433955,2009-01-28T04:26:04Z
0.6832213586697587,2009-01-28T04:35:54Z
0.6830428111033533,2009-01-28T04:44:54Z
0.6832264804725617,2009-01-28T05:15:34Z
0.6831255827141508,2009-01-28T05:21:19Z
0.6834249023956668,2009-02-02T11:30:16Z
0.683545247918474,2009-02-03T06:52:19Z
0.683579994196215,2009-02-03T14:51:36Z
0.6834057968173567,2009-02-04T04:01:19Z
0.6833197186161178,2009-02-04T04:30:09Z
0.6835899230915139,2009-02-04T05:06:24Z
0.6835394930824701,2009-02-05T03:51:04Z
0.6835571033141903,2009-02-06T06:07:45Z
0.6836780049595284,2009-02-07T01:04:57Z
0.6835058959713298,2009-02-07T10:43:29Z
0.683386343141284,2009-02-07T10:56:24Z
0.684152086332887,2009-02-08T02:51:16Z
0.684108718508751,2009-02-08T03:18:32Z
0.6839388367366689,2009-02-08T03:29:44Z
0.6837892805792984,2009-02-08T03:37:18Z
0.6848085422991074,2009-02-08T06:30:32Z
0.6848095102267784,2009-02-10T16:02:18Z
0.6848528108126777,2009-02-11T04:58:51Z
0.6847917116339305,2009-02-11T09:16:38Z
0.6849928594895038,2009-02-11T09:48:25Z
0.6850614653523698,2009-02-13T03:17:50Z
0.6848784584072963,2009-02-14T04:05:19Z
0.6846820057598091,2009-02-14T04:13:29Z
0.6845489870773277,2009-02-14T04:35:34Z
0.6851475759159761,2009-02-14T05:48:54Z
0.6855081841356894,2009-02-14T06:28:29Z
0.6852217155806375,2009-02-14T06:52:09Z
0.6850355049642387,2009-02-14T07:02:49Z
0.6849705114386775,2009-02-14T07:21:12Z
0.6851459202583021,2009-02-14T10:28:49Z
0.6850153831876767,2009-02-14T10:41:04Z
0.6849550471104012,2009-02-14T10:56:49Z
0.6848933067805938,2009-02-15T10:48:24Z
0.6852429962459161,2009-02-15T11:28:52Z
0.6851099513182556,2009-02-15T18:17:47Z
0.6850769947613756,2009-02-16T03:30:06Z
0.6851492088735799,2009-02-16T03:59:22Z
0.6852002262539258,2009-02-16T17:44:21Z
0.6852209495404994,2009-02-17T02:11:02Z
0.6852218220350925,2009-02-22T10:37:01Z
0.6852291924766303,2009-02-22T11:09:37Z
0.6850629063581862,2009-02-22T11:22:37Z
0.6849918712297789,2009-02-22T11:38:37Z
0.6851014976973628,2009-02-22T12:17:21Z
0.6851448916095887,2009-02-22T12:54:01Z
0.6850052000329211,2009-02-22T13:01:17Z
0.6849923871445619,2009-02-22T13:05:15Z
0.6848533981136292,2009-02-22T13:40:21Z
